Observation Date,Expiration Date,Mean,Std,Skewness,Kurtosis,5% Quantile,25% Quantile,Median,75% Quantile,95% Quantile,T Return,T-1 Return,T-2 Return,T-3 Return,T-4 Return,Fear and Greed Index,VIX
2021-01-08,2021-01-15,41426.79235661241,16566.919305978598,3.904826226906066,18.85809041379089,27169.2,35395.1,40010.4,44727.100000000006,56000.0,-0.0994180753674157,0.0671554947491778,-0.0228242392069786,-0.0160263796409779,0.0239916595626999,93,22.77
2021-01-15,2021-01-22,37120.17322493993,11611.252064061497,4.215592525138864,26.46923348493171,26348.6,31836.300000000003,35379.1,39376.0,51030.7,-0.1090818380990078,-0.0994180753674157,0.0671554947491778,-0.0228242392069786,-0.0160263796409779,88,23.77
2021-01-22,2021-01-29,33050.581038511606,4761.80667394236,0.1150769759174264,2.176418514797687,25590.2,30313.300000000003,32964.200000000004,35710.5,40812.0,0.038906131754175,-0.1090818380990078,-0.0994180753674157,0.0671554947491778,-0.0228242392069786,40,24.88
2021-02-05,2021-02-12,37987.52706012754,4959.243706044541,0.4753758535667436,1.5030240712974177,30468.4,34767.700000000004,37753.6,40862.4,46382.5,0.2110530712560365,0.038906131754175,-0.1090818380990078,-0.0994180753674157,0.0671554947491778,81,24.1
2021-02-12,2021-02-19,47485.62506499307,7889.237991290614,-0.4629319350937406,1.5146810527551784,33428.200000000004,43200.100000000006,48341.5,52385.2,58844.8,0.1674236042463787,0.2110530712560365,0.038906131754175,-0.1090818380990078,-0.0994180753674157,92,21.36
2021-02-19,2021-02-26,56018.25325162486,8023.075551978917,0.2475412492555119,1.7668029903221845,43565.2,51154.100000000006,55785.7,60604.8,69300.6,-0.1890294406951082,0.1674236042463787,0.2110530712560365,0.038906131754175,-0.1090818380990078,93,24.8
2021-03-05,2021-03-12,48566.66313016362,6192.472245096413,0.0496404672095019,1.449625176441506,38642.5,44836.100000000006,48529.3,52259.4,58605.0,0.1601932728382199,-0.1890294406951082,0.1674236042463787,0.2110530712560365,0.038906131754175,77,25.05
2021-03-12,2021-03-19,57194.40601286902,7673.125824356973,0.3305470457445722,1.880045552338628,45329.5,52511.0,56966.0,61542.9,69891.3,0.0140267439371895,0.1601932728382199,-0.1890294406951082,0.1674236042463787,0.2110530712560365,70,21.98
2021-03-19,2021-03-26,58491.13087673708,6768.6884064927335,0.0078380965852908,1.7786113329058637,47706.5,54522.0,58440.600000000006,62444.0,69431.7,-0.0531619407732114,0.0140267439371895,0.1601932728382199,-0.1890294406951082,0.1674236042463787,71,23.32
2021-04-09,2021-04-16,58498.50076012946,5272.679107627016,-0.3047122809168368,3.1139153208093164,50105.7,55715.100000000006,58558.3,61433.100000000006,66705.6,0.0534497998714909,-0.0531619407732114,0.0140267439371895,0.1601932728382199,-0.1890294406951082,70,18.15
2021-04-16,2021-04-23,61749.09288338794,5273.265997860257,-0.5345791473251628,2.881752874172676,53024.8,58977.0,61968.7,64850.600000000006,69705.1,-0.1820710289529174,0.0534497998714909,-0.0531619407732114,0.0140267439371895,0.1601932728382199,78,17.0
2021-04-23,2021-04-30,50581.901973459935,5671.2468012707,0.2951366496031232,1.28146789542388,41732.5,46987.5,50413.7,53937.2,60043.600000000006,0.1208815090781878,-0.1820710289529174,0.0534497998714909,-0.0531619407732114,0.0140267439371895,55,20.43
2021-05-07,2021-05-14,57726.93261693855,5653.668531697809,-0.2713223030125108,2.30758224337027,48565.0,54596.100000000006,57811.100000000006,61033.4,66576.6,-0.139711040543648,0.1208815090781878,-0.1820710289529174,0.0534497998714909,-0.0531619407732114,64,18.29
2021-05-14,2021-05-21,49842.81047268741,6477.316810833383,-0.6842227387547952,2.271044019767502,38526.6,46431.600000000006,50383.7,53887.4,59233.4,-0.2911410640525768,-0.139711040543648,0.1208815090781878,-0.1820710289529174,0.0534497998714909,26,19.13
2021-05-21,2021-05-28,36691.24829114605,6994.825759690499,-0.0459159848796144,1.2771846280902128,25225.6,32517.1,36765.6,40951.7,47854.9,-0.0435784266946626,-0.2911410640525768,-0.139711040543648,0.1208815090781878,-0.1820710289529174,19,21.85
2021-06-04,2021-06-11,36860.53361915933,4872.702890540482,-0.5674045847314366,2.7608945511255145,28769.4,34302.8,37084.2,39755.100000000006,44174.0,0.0135647536600215,-0.0435784266946626,-0.2911410640525768,-0.139711040543648,0.1208815090781878,27,18.12
2021-06-11,2021-06-18,37227.8142073665,4449.42054664185,-0.1446251874460321,2.035285377041656,30040.6,34706.8,37264.5,39826.9,44274.9,-0.0413484021256844,0.0135647536600215,-0.0435784266946626,-0.2911410640525768,-0.139711040543648,21,16.55
2021-06-18,2021-06-25,35496.463767952984,4231.890680023701,0.0488298861682128,1.4330653330782033,28675.6,32948.700000000004,35494.200000000004,38021.7,42331.3,-0.1258370189743154,-0.0413484021256844,0.0135647536600215,-0.0435784266946626,-0.2911410640525768,25,21.34
2021-07-09,2021-07-16,33699.18823902857,3618.521286627514,-0.4940044030579614,1.6512535554935246,27445.2,31671.1,33946.6,35995.200000000004,39086.9,-0.074634377946052,-0.1258370189743154,-0.0413484021256844,0.0135647536600215,-0.0435784266946626,20,17.8
2021-07-16,2021-07-23,31487.93143458616,3075.4305626079035,-0.2501706839626511,1.9354459933382788,26444.7,29745.300000000003,31553.6,33329.8,36291.9,0.0692460693000981,-0.074634377946052,-0.1258370189743154,-0.0413484021256844,0.0135647536600215,22,18.62
2021-07-23,2021-07-30,33300.16855066996,3284.436509725138,-0.4219710039646768,1.564546155167326,27577.0,31474.300000000003,33538.3,35345.9,38205.1,0.2270310215570944,0.0692460693000981,-0.074634377946052,-0.1258370189743154,-0.0413484021256844,23,20.37
2021-08-06,2021-08-13,42759.72841542477,5280.3054615131,0.4317864121774487,1.5686669442713264,34825.6,39432.4,42425.5,45745.600000000006,51841.600000000006,0.1096264591454176,0.2270310215570944,0.0692460693000981,-0.074634377946052,-0.1258370189743154,52,18.7
2021-08-13,2021-08-20,47663.05666320815,5824.120464500092,0.4829474857038018,1.0601171775467462,39103.1,43840.0,47117.5,51031.5,57977.0,0.0313541186477174,0.1096264591454176,0.2270310215570944,0.0692460693000981,-0.074634377946052,70,16.63
2021-08-20,2021-08-27,49336.25015837612,5845.165114125066,0.8847948360859159,3.299609693081507,41008.3,45781.0,48834.2,52218.7,59550.7,-0.0051339459504259,0.0313541186477174,0.1096264591454176,0.2270310215570944,0.0692460693000981,70,20.53
2021-09-03,2021-09-10,49998.42041814485,5322.3760292353645,0.1319830873306962,1.6335469890489511,41594.9,46799.5,49906.8,53098.8,58716.100000000006,-0.1086619271261829,-0.0051339459504259,0.0313541186477174,0.1096264591454176,0.2270310215570944,74,18.35
2021-09-10,2021-09-17,44764.390546056806,4765.908258691419,-0.0817567574653317,1.3039263464247224,36955.5,41901.2,44837.2,47688.0,52334.3,0.0531659945107755,-0.1086619271261829,-0.0051339459504259,0.0313541186477174,0.1096264591454176,46,20.62
2021-09-17,2021-09-24,47183.36834570438,4579.961495013306,0.0372208433316115,1.34141324696487,39828.100000000006,44399.3,47164.5,49945.5,54599.100000000006,-0.0997248379504906,0.0531659945107755,-0.1086619271261829,-0.0051339459504259,0.0313541186477174,48,21.94
2021-10-08,2021-10-15,54171.7022398841,5878.661735873198,-0.2092762690336744,1.7188746257804317,44477.9,50781.100000000006,54331.0,57730.2,63333.5,0.1337526319786285,-0.0997248379504906,0.0531659945107755,-0.1086619271261829,-0.0051339459504259,74,19.72
2021-10-15,2021-10-22,61763.05628866667,8139.418703683437,0.1734102913904249,1.1386027141778534,48969.8,56599.8,61594.7,66706.7,75185.1,-0.0160872193167514,0.1337526319786285,-0.0997248379504906,0.0531659945107755,-0.1086619271261829,71,17.17
2021-10-22,2021-10-29,60870.41897107513,6666.466091603572,0.1602114215424003,1.7423003963460069,50415.2,56869.5,60734.2,64718.7,71807.3,0.0254685219236386,-0.0160872193167514,0.1337526319786285,-0.0997248379504906,0.0531659945107755,75,19.1
2021-11-05,2021-11-12,61215.955230875,6322.626986372657,-0.1779532419374653,1.4697545108838534,50844.600000000006,57482.100000000006,61330.7,65106.3,71174.40000000001,0.0509485928356431,0.0254685219236386,-0.0160872193167514,0.1337526319786285,-0.0997248379504906,73,18.44
2021-11-12,2021-11-19,64114.21413627458,7017.223125469999,0.1723046557878822,0.9999923171406055,53003.5,59611.8,64015.3,68429.8,75641.3,-0.0994478108527709,0.0509485928356431,0.0254685219236386,-0.0160872193167514,0.1337526319786285,74,17.42
2021-11-19,2021-11-26,57781.34251543156,5787.95525808252,0.1289127010696533,1.1995015254562027,48563.8,54177.4,57711.600000000006,61280.600000000006,67254.0,-0.0774363743389567,-0.0994478108527709,0.0509485928356431,0.0254685219236386,-0.0160872193167514,34,20.8
2021-12-03,2021-12-10,53479.486140074216,5623.426762969007,-0.3143531084951269,1.7285448752319883,44033.600000000006,50291.7,53712.3,56921.9,62111.8,-0.1284353047550365,-0.0774363743389567,-0.0994478108527709,0.0509485928356431,0.0254685219236386,31,28.73
2021-12-10,2021-12-17,47472.91316137745,5514.026402845284,-0.0921170190880785,1.5814882338942289,38646.6,44203.4,47451.3,50796.100000000006,56338.0,-0.0216438420104229,-0.1284353047550365,-0.0774363743389567,-0.0994478108527709,0.0509485928356431,24,19.8
2021-12-17,2021-12-24,46143.10194608354,4789.673338839402,-0.0239243227651123,1.409481154025389,38401.0,43266.100000000006,46157.0,49037.8,53833.0,0.0968004672203551,-0.0216438420104229,-0.1284353047550365,-0.0774363743389567,-0.0994478108527709,23,21.07
2021-12-24,2021-12-31,50914.306478022845,5164.323419873776,0.1941342419935652,1.8910272060871665,42868.0,47843.9,50777.2,53843.3,59433.600000000006,-0.0949437967143566,0.0968004672203551,-0.0216438420104229,-0.1284353047550365,-0.0774363743389567,41,21.07
2022-01-07,2022-01-14,41544.599758659104,3838.548584219586,-0.0003138690343533,1.409282905855643,35378.1,39234.3,41527.3,43855.2,47751.5,0.035299489769487,-0.0949437967143566,0.0968004672203551,-0.0216438420104229,-0.1284353047550365,18,20.4
2022-01-14,2022-01-21,42959.45097311802,3147.1908469774867,-0.1711794223324543,1.3543435041904497,37745.8,41094.9,43039.8,44905.5,47896.7,-0.16678078223352,0.035299489769487,-0.0949437967143566,0.0968004672203551,-0.0216438420104229,21,19.67
2022-01-21,2022-01-28,36367.545040890014,4055.603305032929,-0.1170206802127336,1.453598287074338,29764.800000000003,33989.0,36415.0,38822.7,42852.4,0.0342864745372537,-0.16678078223352,0.035299489769487,-0.0949437967143566,0.0968004672203551,19,27.31
2022-02-04,2022-02-11,41389.14938841293,3452.333566677866,-0.078875400350174,1.6634483276297587,35780.1,39373.3,41420.0,43444.7,46884.8,0.0190476095210528,0.0342864745372537,-0.16678078223352,0.035299489769487,-0.0949437967143566,20,24.26
2022-02-11,2022-02-18,42611.80534476859,3919.3181481260767,-0.3425898664352857,1.7686788742251816,36117.4,40373.100000000006,42723.0,45033.100000000006,48678.3,-0.0582883448835927,0.0190476095210528,0.0342864745372537,-0.16678078223352,0.035299489769487,50,27.81
2022-02-18,2022-02-25,40032.83298758785,3395.691416704917,-0.3618008389606937,1.9587741841448445,34353.5,38137.7,40166.9,42095.4,45235.100000000006,-0.0190745919942606,-0.0582883448835927,0.0190476095210528,0.0342864745372537,-0.16678078223352,30,28.15
2022-03-04,2022-03-11,39140.674762298855,4388.427039713986,-0.1069300587129127,1.1571580034652929,31950.300000000003,36467.0,39209.0,41884.2,46101.100000000006,-0.0107628035597555,-0.0190745919942606,-0.0582883448835927,0.0190476095210528,0.0342864745372537,33,31.53
2022-03-11,2022-03-18,38688.50030511688,4011.9601676952975,0.0081818661844305,1.126771067788864,32145.6,36208.3,38747.1,41165.8,45089.5,0.075275924399366,-0.0107628035597555,-0.0190745919942606,-0.0582883448835927,0.0190476095210528,22,31.0
2022-03-18,2022-03-25,41696.04720319197,3786.137474522524,0.0326744546793612,1.187963061688018,35591.700000000004,39365.3,41693.100000000006,44011.600000000006,47815.7,0.0594023830387609,0.075275924399366,-0.0107628035597555,-0.0190745919942606,-0.0582883448835927,25,25.64
2022-04-08,2022-04-15,42342.54883032384,3341.383086512797,-0.5176762307184498,2.2198138509686,36707.0,40519.7,42498.8,44398.3,47380.8,-0.0410692914386862,0.0594023830387609,0.075275924399366,-0.0107628035597555,-0.0190745919942606,37,22.85
2022-04-15,2022-04-22,40400.770942853625,2735.59615593867,-0.2080227662032585,0.7805351750061291,35781.4,38702.1,40530.8,42188.2,44625.9,-0.0210002399778369,-0.0410692914386862,0.0594023830387609,0.075275924399366,-0.0107628035597555,22,22.85
2022-04-22,2022-04-29,39501.570425608246,2756.106325329294,-0.2803850122091019,1.3596823926442907,34909.0,37916.9,39616.4,41243.9,43829.0,-0.0284309010292023,-0.0210002399778369,-0.0410692914386862,0.0594023830387609,0.075275924399366,26,27.99
2022-05-06,2022-05-13,35908.147494853794,2727.2059873476387,-0.3768186282128319,1.5212916133349994,31262.9,34347.200000000004,36054.2,37622.6,40047.9,-0.2067559265225345,-0.0284309010292023,-0.0210002399778369,-0.0410692914386862,0.0594023830387609,22,30.81
2022-05-13,2022-05-20,29516.935426733573,3868.284980826385,-1.483177905251327,6.727006332250776,23423.300000000003,27890.0,29831.7,31705.7,34786.9,-0.0029421410819543,-0.2067559265225345,-0.0284309010292023,-0.0210002399778369,-0.0410692914386862,10,29.4
2022-05-20,2022-05-27,29102.322206633984,3103.773484483036,-0.5488364598621037,2.3571688889588103,23854.2,27431.1,29273.300000000003,30997.7,33742.3,-0.0197551643108784,-0.0029421410819543,-0.2067559265225345,-0.0284309010292023,-0.0210002399778369,13,29.42
2022-06-03,2022-06-10,29538.01398703709,2476.028432559824,-0.5474401104167054,1.4539283720963023,25245.1,28239.5,29842.7,31245.800000000003,33327.8,-0.0206950190522584,-0.0197551643108784,-0.0029421410819543,-0.2067559265225345,-0.0284309010292023,10,25.96
2022-06-10,2022-06-17,29098.85958848859,2807.8601106032,-0.5491731865562508,1.7490013758247036,24191.5,27552.4,29330.2,30874.9,33221.8,-0.3515568333095296,-0.0206950190522584,-0.0197551643108784,-0.0029421410819543,-0.2067559265225345,13,28.29
2022-06-17,2022-06-24,20486.603096066603,2868.842657655904,-1.227192205413776,4.660057908503309,15704.9,19166.4,20759.4,22222.5,24453.1,0.0368751692681738,-0.3515568333095296,-0.0206950190522584,-0.0197551643108784,-0.0029421410819543,9,30.9
2022-07-08,2022-07-15,21755.53525879951,2157.713656177768,-0.2473232078320693,1.399196520590248,18199.2,20475.9,21804.7,23110.1,25129.4,-0.036054054013489,0.0368751692681738,-0.3515568333095296,-0.0206950190522584,-0.0197551643108784,20,26.05
2022-07-15,2022-07-22,20872.402621898604,1953.3940384670627,-0.207750394830703,1.2274592219370186,17627.7,19701.1,20930.300000000003,22103.800000000003,23921.6,0.0853002435708356,-0.036054054013489,0.0368751692681738,-0.3515568333095296,-0.0206950190522584,15,25.21
2022-07-22,2022-07-29,22756.018749661405,2695.7077278955467,0.11299459807604,1.01817925906329,18500.0,21052.9,22712.5,24411.4,27196.1,0.0468856116646122,0.0853002435708356,-0.036054054013489,0.0368751692681738,-0.3515568333095296,33,25.5
2022-08-05,2022-08-12,23212.38549049265,2104.1249585910537,0.3113813911566826,0.8989722032012355,19987.4,21822.5,23112.0,24499.2,26776.300000000003,0.0457476748363865,0.0468856116646122,0.0853002435708356,-0.036054054013489,0.0368751692681738,31,22.45
2022-08-12,2022-08-19,24241.426441691467,1957.1362604433616,0.0863039020534525,0.7117700600166224,21108.7,22970.300000000003,24224.6,25487.2,27435.7,-0.1581289538111136,0.0457476748363865,0.0468856116646122,0.0853002435708356,-0.036054054013489,42,21.19
2022-08-19,2022-08-26,20940.411169353247,2283.9410043168705,-0.1628748327753358,1.7109951200199438,17217.8,19615.0,20972.1,22314.6,24546.800000000003,-0.0288922662439993,-0.1581289538111136,0.0457476748363865,0.0468856116646122,0.0853002435708356,33,24.1
2022-09-09,2022-09-16,21326.85046301912,2127.711369084152,0.3295791516003205,0.5366940569324106,18129.6,19904.5,21151.4,22664.6,25027.300000000003,-0.0756765734116576,-0.0288922662439993,-0.1581289538111136,0.0457476748363865,0.0468856116646122,22,23.95
2022-09-16,2022-09-23,19672.93816706388,1724.4583216442834,-0.2452135746093194,1.0108876518251888,16735.0,18636.4,19768.0,20776.5,22315.800000000003,-0.0262664292029166,-0.0756765734116576,-0.0288922662439993,-0.1581289538111136,0.0457476748363865,20,26.22
2022-09-23,2022-09-30,19130.480122730023,1611.944019891553,-0.2804127605983104,1.0344230682568192,16417.100000000002,18193.7,19224.9,20187.4,21669.6,0.0068556900840678,-0.0262664292029166,-0.0756765734116576,-0.0288922662439993,-0.1581289538111136,20,29.86
2022-10-07,2022-10-14,19573.45445995851,1571.5336544291156,-0.1623177878388592,1.7522090283591707,16982.600000000002,18669.2,19614.6,20514.7,22027.300000000003,-0.0182483590941596,0.0068556900840678,-0.0262664292029166,-0.0756765734116576,-0.0288922662439993,23,31.2
2022-10-14,2022-10-21,19194.64682893826,1362.5329977329873,0.1949295546361871,1.7825596650706892,17064.2,18378.3,19161.1,19974.1,21441.300000000003,-0.0006551682102212,-0.0182483590941596,0.0068556900840678,-0.0262664292029166,-0.0756765734116576,24,31.93
2022-10-21,2022-10-28,19078.26851335253,1168.9302766913856,-0.4640062718896882,1.565161655760147,17082.9,18447.8,19182.8,19850.6,20874.5,0.0718420549472947,-0.0006551682102212,-0.0182483590941596,0.0068556900840678,-0.0262664292029166,23,29.99
2022-11-04,2022-11-11,21172.02577352498,1362.1102462008653,0.0753417546589831,0.4790887478985222,19047.8,20275.0,21101.4,22068.6,23440.1,-0.2142292295275158,0.0718420549472947,-0.0006551682102212,-0.0182483590941596,0.0068556900840678,30,25.53
2022-11-11,2022-11-18,16771.22670853047,2006.48978983064,-1.0221170339287142,3.0057851757815843,13103.6,15812.5,17022.5,18030.9,19507.6,-0.0219050319895193,-0.2142292295275158,0.0718420549472947,-0.0006551682102212,-0.0182483590941596,25,23.95
2022-11-18,2022-11-25,16591.13418582474,1432.5864875081977,-0.379054552886107,1.2367111819009369,14154.1,15767.7,16678.0,17521.0,18798.3,-0.0107343655126232,-0.0219050319895193,-0.2142292295275158,0.0718420549472947,-0.0006551682102212,23,24.51
2022-12-09,2022-12-16,17129.578995976233,1151.3673297175103,-0.5114351243069981,2.232964009808925,15178.9,16504.8,17192.600000000002,17833.3,18856.6,-0.0294114802183485,-0.0107343655126232,-0.0219050319895193,-0.2142292295275158,0.0718420549472947,26,23.1
2022-12-16,2022-12-23,16661.84483051091,1212.7952392538964,-1.2468780376999224,5.215478005270954,14572.1,16118.1,16787.4,17376.600000000002,18312.7,0.0087625393729542,-0.0294114802183485,-0.0107343655126232,-0.0219050319895193,-0.2142292295275158,29,22.45
2022-12-23,2022-12-30,16715.36894983069,827.474850504506,0.477935551504455,1.2448723903895855,15430.5,16232.7,16728.9,17241.4,18142.4,-0.0102451086284958,0.0087625393729542,-0.0294114802183485,-0.0107343655126232,-0.0219050319895193,27,23.63
2023-01-06,2023-01-13,16931.489535492587,710.3375672827616,-0.2334956370367933,1.8640379931975488,15753.7,16529.7,16953.100000000002,17356.600000000002,18034.2,0.1619204548069375,-0.0102451086284958,0.0087625393729542,-0.0294114802183485,-0.0107343655126232,26,22.2
2023-01-13,2023-01-20,19851.38958323168,1791.1367147246974,0.7421728342069197,2.3938303775214846,17259.0,18712.6,19706.9,20806.4,22961.1,0.1286927508282184,0.1619204548069375,-0.0102451086284958,0.0087625393729542,-0.0294114802183485,31,19.5
2023-01-20,2023-01-27,22587.88836573061,1939.4189585354527,0.5864293033372652,2.0916301481978605,19710.4,21368.4,22464.5,23649.5,25908.2,0.0177939898837807,0.1286927508282184,0.1619204548069375,-0.0102451086284958,0.0087625393729542,51,21.09
2023-02-03,2023-02-10,23378.18552429196,1563.17680321049,0.4226217363746193,2.063105132413847,21003.5,22427.7,23305.6,24239.800000000003,26009.300000000003,-0.0802395029416669,0.0177939898837807,0.1286927508282184,0.1619204548069375,-0.0102451086284958,60,19.34
2023-02-10,2023-02-17,21637.64187041489,1362.794257719192,0.0208344493847713,1.988817014939447,19472.7,20850.300000000003,21626.9,22419.4,23838.5,0.1276661266246086,-0.0802395029416669,0.0177939898837807,0.1286927508282184,0.1619204548069375,48,20.93
2023-02-17,2023-02-24,24611.389393204063,2326.504696966272,0.5422522319053791,2.450028558927097,21161.9,23208.7,24465.0,25843.5,28581.1,-0.0580069396787973,0.1276661266246086,-0.0802395029416669,0.0177939898837807,0.1286927508282184,61,21.25
2023-03-03,2023-03-10,22309.07676725453,1394.1564358111914,0.0955326983079708,1.5005103326680755,20089.6,21466.800000000003,22293.800000000003,23133.1,24581.300000000003,-0.1037819546710168,-0.0580069396787973,0.1276661266246086,-0.0802395029416669,0.0177939898837807,50,19.5
2023-03-10,2023-03-17,20064.551198369823,1457.33978741566,-0.5944696807045627,1.8578272172647745,17509.7,19271.2,20184.1,20987.800000000003,22197.4,0.3071267293880281,-0.1037819546710168,-0.0580069396787973,0.1276661266246086,-0.0802395029416669,34,24.18
2023-03-17,2023-03-24,27499.614617785544,3222.7514297053926,0.9667322930138904,3.9061808703430216,22960.7,25571.7,27212.7,29050.1,33058.3,0.002163735857737,0.3071267293880281,-0.1037819546710168,-0.0580069396787973,0.1276661266246086,51,25.63
2023-03-24,2023-03-31,27534.3706023794,2448.2017510856085,0.1787744490477149,1.759757104472973,23697.5,26065.1,27482.0,28942.4,31556.800000000003,0.0361589132052062,0.002163735857737,0.3071267293880281,-0.1037819546710168,-0.0580069396787973,61,23.22
2023-04-07,2023-04-14,27909.40948180847,1878.0916475868487,0.0129467760167349,1.243917336237797,24876.0,26759.6,27914.7,29055.9,30933.5,0.0877882882666959,0.0361589132052062,0.002163735857737,0.3071267293880281,-0.1037819546710168,64,20.13
2023-04-14,2023-04-21,30513.391281719167,2028.427218414893,0.2845946493066003,1.7044247369998011,27387.300000000003,29272.1,30437.9,31671.800000000003,33903.4,-0.1111172302872793,0.0877882882666959,0.0361589132052062,0.002163735857737,0.3071267293880281,68,18.35
2023-04-21,2023-04-28,27342.4523530904,1913.540808005742,0.2251824765037464,1.7393225613462755,24372.1,26185.6,27283.0,28437.300000000003,30518.6,0.0724621509297862,-0.1111172302872793,0.0877882882666959,0.0361589132052062,0.002163735857737,50,19.41
2023-05-05,2023-05-12,29513.12879562685,1992.91144121552,0.5742789078068032,2.178983632109648,26591.7,28293.4,29355.7,30565.7,32992.9,-0.0963647386066741,0.0724621509297862,-0.1111172302872793,0.0877882882666959,0.0361589132052062,61,19.29
2023-05-12,2023-05-19,26598.4276007527,1729.5816552689744,0.5818729658012506,1.922002432074783,24026.6,25500.2,26486.300000000003,27554.800000000003,29571.1,0.003176512076517,-0.0963647386066741,0.0724621509297862,-0.1111172302872793,0.0877882882666959,49,18.54
2023-05-19,2023-05-26,26768.05681229625,1443.312104099261,0.2297523637839343,1.559736428425623,24506.4,25884.7,26732.4,27605.7,29156.7,-0.0065069245514487,0.003176512076517,-0.0963647386066741,0.0724621509297862,-0.1111172302872793,48,19.65
2023-06-09,2023-06-16,26415.15341469793,1331.1472701010102,0.0540890730521794,1.905041396906896,24304.7,25638.7,26401.0,27180.800000000003,28573.2,-0.0050285200599075,-0.0065069245514487,0.003176512076517,-0.0963647386066741,0.0724621509297862,50,15.24
2023-06-16,2023-06-23,26237.810050098728,1471.4674565197215,0.1277417987321238,1.7096484516715045,23908.1,25360.300000000003,26216.9,27090.2,28640.2,0.1526094879206046,-0.0050285200599075,-0.0065069245514487,0.003176512076517,-0.0963647386066741,47,14.35
2023-06-23,2023-06-30,30733.27884189358,2220.7892053302944,0.5521750656614846,2.328648514047756,27431.7,29377.800000000003,30596.300000000003,31923.0,34522.0,-0.0070797624055508,0.1526094879206046,-0.0050285200599075,-0.0065069245514487,0.003176512076517,65,15.95
2023-07-07,2023-07-14,29916.24851669286,1619.2519457734045,0.4697537378389756,1.6160147073143571,27457.4,28886.5,29834.5,30838.300000000003,32668.6,-0.0010778693128903,-0.0070797624055508,0.1526094879206046,-0.0050285200599075,-0.0065069245514487,55,15.86
2023-07-14,2023-07-21,29960.02890364537,1594.3171844368535,0.3997683587829109,1.606944151646438,27515.5,28959.7,29891.5,30871.4,32648.7,-0.0136279997928454,-0.0010778693128903,-0.0070797624055508,0.1526094879206046,-0.0050285200599075,60,13.8
2023-07-21,2023-07-28,29357.247465921864,1478.8548390655635,0.3495074485625936,1.1319503925581778,27070.5,28396.2,29302.0,30241.4,31845.800000000003,-0.0198460103570357,-0.0136279997928454,-0.0010778693128903,-0.0070797624055508,0.1526094879206046,50,15.61
2023-08-04,2023-08-11,28843.483385875294,1227.1669665661302,0.291832369972978,1.443466290714274,26933.2,28076.7,28806.0,29559.800000000003,30889.4,0.0106608421167489,-0.0198460103570357,-0.0136279997928454,-0.0010778693128903,-0.0070797624055508,54,17.51
2023-08-11,2023-08-18,29037.087971003893,1107.8875072249714,0.3020018524428629,1.3574689506139066,27310.6,28339.1,29003.4,29687.800000000003,30886.4,-0.121708349506422,0.0106608421167489,-0.0198460103570357,-0.0136279997928454,-0.0010778693128903,51,15.35
2023-08-18,2023-08-25,25917.1038117476,1695.2879222518104,0.2126711490854212,1.4395008483727114,23251.300000000003,24871.5,25878.9,26912.800000000003,28718.1,0.0002306481511072,-0.121708349506422,0.0106608421167489,-0.0198460103570357,-0.0136279997928454,37,18.45
2023-09-08,2023-09-15,25463.40122657379,1136.6198304114707,-0.1249072876352458,0.8756165138818184,23571.4,24764.0,25495.800000000003,26190.7,27255.800000000003,0.0262629238313241,0.0002306481511072,-0.121708349506422,0.0106608421167489,-0.0198460103570357,46,14.94
2023-09-15,2023-09-22,26224.28741573472,1165.0727921508394,-0.2493970770776135,0.982777100239089,24255.2,25528.5,26280.1,26978.4,28032.2,-0.0007468953982914,0.0262629238313241,0.0002306481511072,-0.121708349506422,0.0106608421167489,45,14.25
2023-09-22,2023-09-29,25890.39913191537,1173.1048890924635,-0.0557807868051927,0.5433283315126869,23950.300000000003,25139.1,25916.9,26657.6,27757.7,0.0122206688115093,-0.0007468953982914,0.0262629238313241,0.0002306481511072,-0.121708349506422,43,17.49
2023-10-06,2023-10-13,27756.14935086865,1153.701766888091,-0.4423023700136668,1.6974784491302426,25779.300000000003,27109.0,27824.800000000003,28478.6,29491.6,-0.0390277568454725,0.0122206688115093,-0.0007468953982914,0.0262629238313241,0.0002306481511072,50,18.03
2023-10-13,2023-10-20,26674.3650388991,1134.0355043762163,-0.5300531988319869,1.9674088333084527,24719.9,26055.0,26750.1,27380.0,28360.9,0.0993914293773174,-0.0390277568454725,0.0122206688115093,-0.0007468953982914,0.0262629238313241,44,19.26
2023-10-20,2023-10-27,29333.954978730635,1573.3474123174726,0.2509801187648066,1.185215268973633,26866.5,28334.7,29294.0,30276.300000000003,31947.7,0.133075510581603,0.0993914293773174,-0.0390277568454725,0.0122206688115093,-0.0007468953982914,53,20.73
2023-11-03,2023-11-10,34362.79580454551,2155.600192119066,0.5793536810789349,1.964859232825592,31146.7,33000.3,34229.200000000004,35551.700000000004,38057.9,0.0718138818710014,0.133075510581603,0.0993914293773174,-0.0390277568454725,0.0122206688115093,65,16.15
2023-11-10,2023-11-17,36977.12283358764,2827.59654442709,1.0634053331571185,3.527140882158009,33064.5,35197.4,36675.3,38361.3,41977.4,-0.0186085294570059,0.0718138818710014,0.133075510581603,0.0993914293773174,-0.0390277568454725,70,14.9
2023-11-17,2023-11-24,36410.99186722125,2529.4354835809377,0.1154099984034918,1.2560624518643753,32377.1,34847.1,36384.2,37934.6,40542.600000000006,0.0295914806683429,-0.0186085294570059,0.0718138818710014,0.133075510581603,0.0993914293773174,63,14.9
2023-12-08,2023-12-15,44255.69146715936,3028.0843812293165,0.0878917031005905,1.842441067652837,39461.100000000006,42472.3,44220.0,46001.100000000006,49175.600000000006,-0.0518210602360071,0.0295914806683429,-0.0186085294570059,0.0718138818710014,0.133075510581603,72,13.34
2023-12-15,2023-12-22,41647.4225421914,2521.1693304324367,0.0177051142258087,1.2139041487139473,37561.8,40104.9,41656.5,43187.2,45706.3,0.0472385713623595,-0.0518210602360071,0.0295914806683429,-0.0186085294570059,0.0718138818710014,70,12.46
2023-12-22,2023-12-29,43874.08074420154,2672.560281155066,0.3235528814057754,1.577055242889425,39754.100000000006,42211.600000000006,43773.3,45413.3,48352.3,-0.0442233531293232,0.0472385713623595,-0.0518210602360071,0.0295914806683429,-0.0186085294570059,74,15.04
2024-01-05,2024-01-12,44032.214833248494,5006.153675304934,0.5277306679642185,2.345561936534472,36544.3,40998.9,43745.8,46714.600000000006,52534.5,-0.031347645653928,-0.0442233531293232,0.0472385713623595,-0.0518210602360071,0.0295914806683429,72,14.2
2024-01-12,2024-01-19,42760.24302227567,3406.854625877951,-0.1734447757436862,1.740640485784838,37176.2,40798.4,42821.3,44803.5,48122.4,-0.026616364648578,-0.031347645653928,-0.0442233531293232,0.0472385713623595,-0.0518210602360071,71,13.18
2024-01-19,2024-01-26,40996.09879411258,2628.95488221689,-0.2052978362166312,0.8306462566030639,36565.5,39385.600000000006,41105.3,42705.2,45086.8,0.0039404697755364,-0.026616364648578,-0.031347645653928,-0.0442233531293232,0.0472385713623595,51,14.61
2024-02-09,2024-02-16,47452.92677355947,2870.9266947344645,0.4692273534476006,2.639115848786018,43169.8,45764.9,47295.0,48961.600000000006,52297.0,0.1006590928192085,0.0039404697755364,-0.026616364648578,-0.031347645653928,-0.0442233531293232,72,13.37
2024-02-16,2024-02-23,51715.28702561883,3565.033462138571,0.166503984590944,1.0658323846250966,46054.7,49454.5,51663.9,53890.100000000006,57573.2,-0.0268312652909385,0.1006590928192085,0.0039404697755364,-0.026616364648578,-0.031347645653928,72,14.95
2024-03-08,2024-03-15,69150.88425764491,8681.541245697434,1.522111344312576,6.844906457339567,57826.0,64393.4,68213.6,72416.90000000001,80000.0,0.0199922312905702,-0.0268312652909385,0.1006590928192085,0.0039404697755364,-0.026616364648578,81,15.08
2024-03-15,2024-03-22,69393.9513858719,7531.025211734639,0.3018363463139246,2.0592598859099143,57787.0,64902.8,69137.5,73582.0,81897.40000000001,-0.0856240699079219,0.0199922312905702,-0.0268312652909385,0.1006590928192085,0.0039404697755364,83,14.6
2024-04-05,2024-04-12,67210.78848572895,5703.726013059611,0.1839415041137834,1.3055480011078853,58185.100000000006,63666.7,67111.40000000001,70610.2,76594.3,-0.0104360651243687,-0.0856240699079219,0.0199922312905702,-0.0268312652909385,0.1006590928192085,79,16.08
2024-04-12,2024-04-19,66697.35207039809,5683.735521623369,0.1461598741865649,1.5277975339045016,57677.8,63251.2,66620.40000000001,70033.7,75990.5,-0.0503947744612763,-0.0104360651243687,-0.0856240699079219,0.0199922312905702,-0.0268312652909385,79,17.09
