日期,收市,開市,高,低,成交量,升跌（%）
2020/1/1,14.53,14.62,14.68,14.47,,-0.65%
2020/1/2,14.07,14.75,14.78,14.05,81.93K,-3.13%
2020/1/3,15.02,14.1,16.15,14.07,131.25K,6.75%
2020/1/6,14.88,15.6,16.15,14.73,84.25K,-1.00%
2020/1/7,14.68,15,15.16,14.5,74.73K,-1.34%
2020/1/8,14.18,15,17.27,13.85,150.32K,-3.41%
2020/1/9,13.63,14.16,14.35,13.6,78.83K,-3.88%
2020/1/10,13.57,13.65,13.85,13.4,67.81K,-0.37%
2020/1/13,13.18,13.6,13.65,13.15,61.95K,-2.95%
2020/1/14,13.07,13.25,13.58,12.85,93.32K,-0.76%
2020/1/15,12.93,13.35,13.35,12.8,85.41K,-1.15%
2020/1/16,12.57,12.91,12.95,12.55,66.28K,-2.71%
2020/1/17,12.52,12.63,12.95,12.35,58.85K,-0.40%
2020/1/19,14.88,14.9,14.93,14.88,,18.80%
2020/1/20,14.88,14.83,14.98,14.82,,0.00%
2020/1/21,12.93,12.6,13.1,12.3,83.03K,-13.14%
2020/1/22,12.62,12.75,12.85,12.28,1.36K,-2.36%
2020/1/23,15.02,15.25,15.65,15,81.01K,19.06%
2020/1/24,16.02,15.05,16.35,14.65,187.24K,6.66%
2020/1/27,17.77,16.4,17.95,16.02,213.37K,10.92%
2020/1/28,16.67,17.75,17.85,16.55,129.07K,-6.19%
2020/1/29,16.67,16.6,16.96,16.15,92.95K,0.00%
2020/1/30,16.08,16.65,17.8,16,141.70K,-3.60%
2020/1/31,18.23,16.1,19.11,15.93,214.49K,13.37%
2020/2/3,17.98,18.5,18.5,17.2,137.44K,-1.37%
2020/2/4,16.52,17.95,18.25,16.35,113.46K,-8.07%
2020/2/5,15.73,16.65,17,15.69,113.18K,-4.84%
2020/2/6,15.57,15.81,16,15.38,73.79K,-0.95%
2020/2/7,16.02,15.55,16.4,15.45,80.94K,2.89%
2020/2/10,15.63,16.15,16.75,15.6,74.24K,-2.50%
2020/2/11,15.63,15.65,15.8,15.15,75.87K,0.00%
2020/2/12,14.48,15.55,15.65,14.4,90.17K,-7.36%
2020/2/13,14.82,14.45,15.85,14.45,77.75K,2.42%
2020/2/14,14.43,15,15.07,14.4,59.79K,-2.70%
2020/2/16,15.28,15.28,15.28,15.28,,5.93%
2020/2/17,15.33,15.33,15.38,15.03,,0.33%
2020/2/18,14.88,14.3,15.45,14.18,93.86K,-2.97%
2020/2/19,14.51,15,15,14.45,1.95K,-2.45%
2020/2/20,16.08,15.35,16.6,15.25,161.66K,10.79%
2020/2/21,16.92,16.2,17.55,16.08,198.27K,5.29%
2020/2/24,20.08,17.9,20.7,16.93,350.91K,18.61%
2020/2/25,22.23,20.3,23.15,18.85,391.73K,10.71%
2020/2/26,22.33,22,23.25,20.88,280.79K,0.45%
2020/2/27,26.27,22.5,26.54,22.05,371.01K,17.69%
2020/2/28,26.33,26.65,30.05,25.69,376.55K,0.19%
2020/3/2,26.27,29.05,30.2,24.8,230.80K,-0.19%
2020/3/3,29.17,26.05,29.95,24.6,232.48K,11.04%
2020/3/4,27.42,29.3,29.7,26.6,140.20K,-6.00%
2020/3/5,31.88,27.4,33.25,27.3,194.82K,16.23%
2020/3/6,35.78,31.85,40.15,31.2,234.38K,12.24%
2020/3/9,44.38,38.9,53.15,35.78,173.49K,24.04%
2020/3/10,41.83,45.8,47.65,37.25,135.03K,-5.75%
2020/3/11,46.35,42.05,48.8,41.95,123.64K,10.82%
2020/3/12,58.3,48.1,60.45,45.28,136.72K,25.78%
2020/3/13,53.42,60.4,65,50.9,101.94K,-8.36%
2020/3/16,72.63,54,76.25,53.46,62.07K,35.94%
2020/3/17,68.82,72.5,79.05,64.9,52.48K,-5.23%
2020/3/18,69.76,70.55,82,70.45,0.90K,1.36%
2020/3/19,66.3,71.45,79.95,56.7,175.53K,-4.96%
2020/3/20,61.53,68,68.95,53.05,135.09K,-7.20%
2020/3/23,49.45,63.05,72.5,48.75,127.92K,-19.63%
2020/3/24,48.25,48.55,49.45,40.15,100.91K,-2.43%
2020/3/25,51.28,47,54.15,44.2,75.47K,6.27%
2020/3/26,45.88,51.5,56,45.7,82.09K,-10.53%
2020/3/27,53.42,46.35,53.65,45.65,55.77K,16.46%
2020/3/30,49.78,55.45,56.65,49.55,46.77K,-6.83%
2020/3/31,46.78,49.6,51.3,45.9,55.26K,-6.03%
2020/4/1,51.33,48.85,51.75,47.45,46.46K,9.73%
2020/4/2,47.17,50.5,51.05,47.05,42.11K,-8.09%
2020/4/3,44.92,47.55,49.05,44.15,48.25K,-4.77%
2020/4/6,41.78,45,45,40.3,38.98K,-7.01%
2020/4/7,44.03,42.15,44.37,40.2,47.73K,5.39%
2020/4/8,42.38,44.05,44.8,41.49,30.29K,-3.75%
2020/4/9,41.28,42.6,43.85,41.1,39.59K,-2.60%
2020/4/13,40.58,41.05,43.65,40.55,18.18K,-1.70%
2020/4/14,37.88,40.8,41.15,37.1,25.25K,-6.65%
2020/4/15,42.51,38.3,42.45,38,0.94K,12.24%
2020/4/16,36.53,36.6,38,35.6,38.07K,-14.08%
2020/4/17,34.58,35.1,36.2,34.05,41.48K,-5.34%
2020/4/20,39.08,34.9,39.2,34.84,39.53K,13.02%
2020/4/21,41.78,38.41,43.33,37.4,,6.91%
2020/4/22,39.63,41.4,42.4,39.1,35.34K,-5.15%
2020/4/23,39.72,39.5,40.3,38.05,42.38K,0.25%
2020/4/24,36.78,39.8,40.55,36.65,42.62K,-7.43%
2020/4/27,33.88,36.55,37.15,33.45,47.55K,-7.89%
2020/4/28,34.17,34,35.07,32.55,36.43K,0.89%
2020/4/29,31.92,34.1,34.27,31.45,47.16K,-6.58%
2020/4/30,33.97,31.6,34.85,31.45,40.73K,6.42%
2020/5/1,37.35,34.9,37.8,34.78,44.16K,9.93%
2020/5/4,35.67,38,39.85,35.55,40.13K,-4.48%
2020/5/5,34.03,35.6,36.08,32.88,,-4.63%
2020/5/6,34.78,34.2,35.1,32.96,39.23K,2.20%
2020/5/7,32.13,34.8,35.05,32.05,41.87K,-7.62%
2020/5/8,29.33,32.13,32.3,29.3,39.79K,-8.72%
2020/5/11,27.83,30,31.65,27.5,43.35K,-5.12%
2020/5/12,33.08,28.23,34.03,26.52,,18.87%
2020/5/13,35.08,33.2,36.95,30.43,88.73K,6.05%
2020/5/14,32.38,34.45,38.35,32.29,70.20K,-7.70%
2020/5/15,32.13,32.75,35.1,31.45,54.23K,-0.77%
2020/5/18,28.92,31.9,32.25,28.4,31.75K,-9.96%
2020/5/19,30.75,30.12,32.38,29.52,,6.31%
2020/5/20,28.11,31.67,31.75,29.42,,-8.59%
2020/5/21,31.02,29.6,31.3,29.45,49.24K,10.37%
2020/5/22,30.38,30.8,32.55,30.14,43.13K,-2.10%
2020/5/24,29.92,30.45,30.45,29.88,,-1.50%
2020/5/25,29.67,29.9,30.62,29.48,,-0.84%
2020/5/26,29.63,30.5,30.65,28.7,53.30K,-0.15%
2020/5/27,29.08,29.7,31.35,28.61,57.32K,-1.86%
2020/5/28,30.33,29.15,30.8,28.75,51.84K,4.30%
2020/5/29,28.83,30.35,31.2,28.8,62.60K,-4.95%
2020/6/1,29.52,29.55,30.45,28.98,40.80K,2.43%
2020/6/2,28.23,29.55,29.96,28.05,47.03K,-4.40%
2020/6/3,27,28.15,28.3,26.71,55.05K,-4.34%
2020/6/4,26.73,27.1,27.7,25.8,52.44K,-1.02%
2020/6/5,25.33,26.7,26.9,24.8,50.00K,-5.24%
2020/6/8,26.02,25.35,26.25,24.95,32.58K,2.76%
2020/6/9,27.63,26.05,27.8,25.96,51.08K,6.15%
2020/6/10,27.48,27.6,28.35,25.93,59.25K,-0.54%
2020/6/11,40.63,27.45,40.9,27.4,157.66K,47.86%
2020/6/12,35.08,39.65,42.55,34.95,151.18K,-13.66%
2020/6/15,33.9,37.25,41.85,33.85,64.53K,-3.35%
2020/6/16,33.1,33.8,36.65,31.55,46.06K,-2.36%
2020/6/17,33.44,33.7,34.25,32.3,0.51K,1.03%
2020/6/18,33.58,33.6,35.35,33.2,60.89K,0.40%
2020/6/19,35.28,33.48,35.35,32.12,70.57K,5.06%
2020/6/22,31.63,36.05,36.6,31.6,74.62K,-10.35%
2020/6/23,31.92,31.75,34.35,30.31,62.14K,0.95%
2020/6/24,33.58,31.85,35.25,31.45,111.40K,5.17%
2020/6/25,32.17,33.6,35.45,31.97,69.26K,-4.17%
2020/6/26,34.53,32.35,34.85,31.85,76.64K,7.30%
2020/6/29,32.33,34.95,35.25,32.1,60.08K,-6.37%
2020/6/30,30.88,32.51,33.16,30.43,71.81K,-4.49%
2020/7/1,29.83,30.8,31.9,29.5,60.01K,-3.40%
2020/7/2,29.08,29.8,30.3,27.92,64.43K,-2.51%
2020/7/3,29.86,29.28,29.93,28.88,,2.70%
2020/7/6,29.25,29.19,30,28.13,51.73K,-2.04%
2020/7/7,30.58,29.3,30.7,28.67,46.32K,4.53%
2020/7/8,29.52,30.6,31.13,29.4,47.92K,-3.43%
2020/7/9,30.23,29.45,31.65,29.19,62.97K,2.37%
2020/7/10,28.77,30.2,31.15,28.7,45.44K,-4.80%
2020/7/13,31.83,28.67,32.45,28.2,78.09K,10.60%
2020/7/14,29.63,32.1,32.81,29.58,71.51K,-6.91%
2020/7/15,28.33,29.45,29.91,28.27,52.12K,-4.39%
2020/7/16,28.13,28.34,29.7,27.5,43.79K,-0.71%
2020/7/17,26.42,28.15,28.2,26.1,40.76K,-6.04%
2020/7/20,24.73,26.5,27.1,24.45,40.32K,-6.43%
2020/7/21,24.77,24.7,25.58,23.83,41.66K,0.20%
2020/7/22,25.45,24.85,25.9,24.35,0.72K,2.72%
2020/7/23,28.77,27.39,29.11,26.79,61.85K,13.06%
2020/7/24,28.73,28.55,29.9,28.25,56.89K,-0.17%
2020/7/27,27.52,28.8,29,27.47,39.74K,-4.18%
2020/7/28,27.52,27.5,28.06,26.57,52.21K,0.00%
2020/7/29,26.77,27.5,27.9,26.6,37.66K,-2.72%
2020/7/30,27.17,26.9,29.71,26.66,74.48K,1.49%
2020/7/31,26.83,26.7,28.26,26.55,60.02K,-1.29%
2020/8/3,26.77,26.95,27.3,26.44,43.96K,-0.19%
2020/8/4,25.88,26.85,26.9,25.8,37.41K,-3.36%
2020/8/5,25.33,25.85,26.1,25.25,37.89K,-2.13%
2020/8/6,24.88,25.25,25.85,24.8,33.23K,-1.78%
2020/8/7,24.63,24.81,25.66,24.3,49.14K,-1.01%
2020/8/10,23.77,24.6,24.8,23.55,43.36K,-3.45%
2020/8/11,24.92,23.81,25.4,22.65,68.35K,4.84%
2020/8/12,23.27,24.64,25.03,23.03,49.60K,-6.62%
2020/8/13,23.23,23.6,23.65,22.6,45.07K,-0.21%
2020/8/14,23.27,23.2,24.3,22.95,39.20K,0.22%
2020/8/17,21.77,23.15,23.2,21.77,36.27K,-6.44%
2020/8/18,21.77,21.81,22.56,21.4,40.85K,0.00%
2020/8/19,21.71,21.95,21.95,21.6,0.73K,-0.30%
2020/8/20,25.88,26.35,27.41,25.75,56.47K,19.18%
2020/8/21,25.92,25.9,26.95,25.6,46.61K,0.19%
2020/8/24,25.83,25.78,26.15,25.05,44.37K,-0.39%
2020/8/25,25.48,25.9,26.71,25.35,49.64K,-1.36%
2020/8/26,26.08,25.5,26.38,24.7,48.77K,2.36%
2020/8/27,27.02,26.2,29.4,25.51,114.77K,3.64%
2020/8/28,26.95,27.05,28.65,26.25,81.17K,-0.28%
2020/8/31,27.88,26.9,28.3,26.4,71.33K,3.43%
2020/9/1,28.33,28.05,28.78,27.25,60.53K,1.61%
2020/9/2,28.88,28.4,29.1,27.84,74.48K,1.94%
2020/9/3,33.88,28.95,35.5,27.83,154.39K,17.32%
2020/9/4,29.65,34.55,37.35,29.05,145.36K,-12.47%
2020/9/6,30.4,29.93,31.05,29.85,,2.53%
2020/9/7,29.52,30.38,30.98,29.42,,-2.89%
2020/9/8,30.23,29.95,34.1,29.1,107.96K,2.39%
2020/9/9,28.38,30.98,31.13,27.92,,-6.12%
2020/9/10,28.77,28.5,29.62,27.55,74.87K,1.41%
2020/9/11,26.33,28.75,29.1,26.25,66.11K,-8.51%
2020/9/14,25.73,26.32,26.35,24.95,45.01K,-2.28%
2020/9/15,25.38,25.8,26.15,24.88,29.48K,-1.36%
2020/9/16,26.12,25.5,25.8,25.1,0.74K,2.94%
2020/9/17,29.83,30.4,32.01,29.75,63.71K,14.18%
2020/9/18,30.08,29.95,30.85,29.18,59.29K,0.84%
2020/9/21,31.23,30.02,32.98,29.82,,3.82%
2020/9/22,31.38,31.25,32.15,30.9,43.85K,0.48%
2020/9/23,32.47,31.35,33.06,30.74,53.58K,3.51%
2020/9/24,32.22,32.55,33.28,31.63,54.15K,-0.77%
2020/9/25,31.23,32.25,32.66,31,38.62K,-3.10%
2020/9/28,30.83,31.16,31.4,30.7,28.46K,-1.28%
2020/9/29,29.77,30.95,31.35,29.7,41.96K,-3.41%
2020/9/30,30.38,30,31.1,29.45,42.21K,2.02%
2020/10/1,30.67,30.4,31,29.58,43.15K,0.99%
2020/10/2,32.08,30.6,34.3,30.53,55.15K,4.56%
2020/10/5,30.83,31.65,32.04,30.6,30.48K,-3.90%
2020/10/6,31.23,30.85,31.7,29.8,48.14K,1.30%
2020/10/7,30.02,31.55,31.62,29.68,32.54K,-3.84%
2020/10/8,28.13,30,30.15,27.95,35.33K,-6.33%
2020/10/9,26.88,28.05,28.05,26.61,41.53K,-4.44%
2020/10/12,26.33,26.85,27.25,26.15,35.69K,-2.05%
2020/10/13,26.77,26.15,27.71,26.15,38.44K,1.71%
2020/10/14,27.08,26.9,27.68,26.3,46.71K,1.12%
2020/10/15,27.58,27.2,29.53,27.09,47.47K,1.85%
2020/10/16,27.88,27.59,28,27.07,32.35K,1.09%
2020/10/19,29.17,27.75,29.35,27.13,35.03K,4.66%
2020/10/20,29.27,28.85,29.8,28.15,39.68K,0.34%
2020/10/21,29.07,29.2,30.3,28.6,0.88K,-0.70%
2020/10/22,28.83,29.3,29.85,28.35,38.65K,-0.84%
2020/10/23,28.77,28.8,29.32,28.44,35.53K,-0.17%
2020/10/26,31.33,29.05,31.82,28.93,,8.86%
2020/10/27,31.33,31.45,32.05,30.65,67.54K,0.00%
2020/10/28,36,31.8,36.2,31.75,130.15K,14.92%
2020/10/29,33.13,35.7,36.15,32.16,83.90K,-7.99%
2020/10/30,34.1,34.45,36.5,33.33,78.92K,2.94%
2020/11/2,33.38,34.5,35.25,32.55,60.15K,-2.13%
2020/11/3,31.42,33.15,33.2,30.99,58.47K,-5.84%
2020/11/4,28.38,31.2,33.1,28.21,114.81K,-9.71%
2020/11/5,27.77,28.6,29,27.14,54.07K,-2.11%
2020/11/6,25.48,27.7,28.9,25.2,76.25K,-8.28%
2020/11/9,25.58,25.4,25.63,22.45,100.32K,0.39%
2020/11/10,24.67,25.2,26.15,24.07,76.30K,-3.52%
2020/11/11,23.83,24.7,24.96,23.18,49.11K,-3.44%
2020/11/12,25.88,24.1,26.9,23.8,67.86K,8.60%
2020/11/13,23.33,25.9,26.5,23.25,49.98K,-9.86%
2020/11/16,22.92,23.35,24.11,22.69,44.14K,-1.71%
2020/11/17,22.98,22.85,24.21,22.75,44.27K,0.22%
2020/11/18,22.41,23.1,23.6,21.6,2.31K,-2.46%
2020/11/19,24.48,24.95,25.2,24.09,45.47K,9.21%
2020/11/20,24.38,24.9,25.15,23.95,40.49K,-0.41%
2020/11/23,24.1,24.75,24.75,23.7,37.12K,-1.13%
2020/11/24,23.6,24.1,24.1,23.45,40.75K,-2.07%
2020/11/25,22.63,23.6,23.95,22.6,39.21K,-4.13%
2020/11/26,22.98,22.8,22.98,22.67,,1.57%
2020/11/27,22.83,22.7,23.06,22.25,27.59K,-0.67%
2020/11/30,22.38,22.5,23.8,22.35,49.14K,-1.97%
2020/12/1,22.83,22.5,22.95,21.85,60.24K,2.01%
2020/12/2,22.67,22.65,23.05,22.2,41.08K,-0.66%
2020/12/3,22.98,22.8,23.31,22.3,37.11K,1.32%
2020/12/4,22.48,23,23.01,22.15,40.23K,-2.18%
2020/12/7,22.48,22.65,23.15,22.35,32.22K,0.00%
2020/12/8,21.38,22.8,22.96,21.35,40.70K,-4.89%
2020/12/9,22.52,21.4,22.78,20.88,75.87K,5.38%
2020/12/10,22.52,22.45,23.25,21.81,56.15K,0.00%
2020/12/11,23.63,22.4,25,22.35,61.40K,4.88%
2020/12/14,24.27,23.15,24.4,22.3,49.13K,2.75%
2020/12/15,22.88,24.25,24.6,22.82,45.71K,-5.77%
2020/12/16,23.35,23.05,23.1,22.15,1.04K,2.08%
2020/12/17,23.83,24.25,24.3,23.55,39.61K,2.03%
2020/12/18,24.17,23.86,25,23.8,55.63K,1.47%
2020/12/21,26.33,24.2,27.85,23.95,107.67K,8.89%
2020/12/22,25.77,26.25,27.1,25.6,50.93K,-2.09%
2020/12/23,24.63,25.8,26.5,24.1,48.02K,-4.46%
2020/12/24,23.83,24.6,24.67,23.8,20.75K,-3.25%
2020/12/28,23.67,23.9,24.25,23.28,31.10K,-0.63%
2020/12/29,24.63,23.65,25.2,23.3,46.85K,4.01%
2020/12/30,23.67,24.9,24.9,23.55,38.61K,-3.86%
2020/12/31,23.67,23.8,24.13,23.18,33.63K,0.00%
2021/1/4,26.27,23.4,27.35,23.15,114.92K,10.98%
2021/1/5,25.33,26.5,27.45,24.95,,-3.62%
2021/1/6,25.13,25.5,26.45,23.2,125.81K,-0.79%
2021/1/7,23.23,24.6,24.63,22.95,,-7.56%
2021/1/8,22.77,23.2,23.77,22.55,72.11K,-1.94%
2021/1/11,24.48,22.8,24.81,22.8,74.00K,7.46%
2021/1/12,23.33,24.3,24.8,23.3,59.03K,-4.70%
2021/1/13,22.67,23.5,23.96,22.5,51.57K,-2.79%
2021/1/14,23.17,22.75,23.3,22.27,,2.21%
2021/1/15,23.77,23.1,25.2,23,80.16K,2.59%
2021/1/18,25.58,25.77,25.83,25.52,,7.59%
2021/1/19,23.23,24.3,24.55,22.55,67.42K,-9.21%
2021/1/20,22.59,22.9,23,22.2,0.91K,-2.73%
2021/1/21,24.52,24.81,25.2,24.5,,8.57%
2021/1/22,24.88,24.6,25.88,24.6,49.50K,1.43%
2021/1/25,25.95,25,27.1,24.35,106.05K,4.34%
2021/1/26,25.41,25.9,26.47,24.95,77.44K,-2.10%
2021/1/27,31.53,25.35,36.15,25.25,250.84K,24.10%
2021/1/28,30.39,32.7,34.35,28.85,176.77K,-3.61%
2021/1/29,32.39,30.4,34.1,29.6,167.92K,6.55%
2021/2/1,30.33,33.05,34.55,30.07,98.52K,-6.35%
2021/2/2,27.58,30.6,30.8,27.15,94.85K,-9.07%
2021/2/3,25.78,27.45,27.54,25.25,71.87K,-6.52%
2021/2/4,24.23,25.53,26.4,24.1,,-6.02%
2021/2/5,24.1,24.35,24.9,24.05,54.57K,-0.53%
2021/2/8,23.84,24.05,24.45,23.74,49.83K,-1.08%
2021/2/9,23.7,23.85,24.5,23.45,49.49K,-0.57%
2021/2/10,23.74,23.8,25.15,23.4,76.04K,0.17%
2021/2/11,22.71,23.75,24.35,22.65,63.19K,-4.34%
2021/2/12,21.36,23,23.75,21.3,58.22K,-5.95%
2021/2/14,25.88,25.85,25.88,25.83,,21.16%
2021/2/15,25.73,25.85,25.88,25.57,,-0.58%
2021/2/16,21.24,21.4,22.5,21.13,79.80K,-17.44%
2021/2/17,22.81,21.5,22.1,20.8,2.56K,7.38%
2021/2/18,25.8,25.75,26.75,25.5,78.54K,13.12%
2021/2/19,24.8,25.85,26.55,24.54,89.17K,-3.89%
2021/2/22,25.9,24.8,26.33,24.6,83.59K,4.45%
2021/2/23,24.75,25.55,27.55,24.7,118.65K,-4.46%
2021/2/24,23.76,25,26,23.7,81.36K,-3.99%
2021/2/25,28.22,24,29,23.78,180.92K,18.75%
2021/2/26,26.74,28.3,29.35,26.13,154.23K,-5.21%
2021/3/1,24.62,26.75,27,24.2,83.54K,-7.96%
2021/3/2,24.76,24.5,25.15,24.11,73.84K,0.61%
2021/3/3,26.13,24.75,26.4,23.65,107.11K,5.50%
2021/3/4,27.52,26.2,29.25,25.19,139.98K,5.33%
2021/3/5,25.05,27.3,28.55,24.9,114.36K,-8.98%
2021/3/8,25.37,24.9,26.65,24.35,90.59K,1.26%
2021/3/9,23.97,25.4,25.55,23.6,73.76K,-5.50%
2021/3/10,23.5,23.95,24.25,23.05,84.33K,-1.95%
2021/3/11,22.89,23.42,23.65,22.65,57.70K,-2.62%
2021/3/12,21.98,23,23.81,21.93,68.90K,-3.98%
2021/3/15,20.1,22.05,22.24,20.05,62.75K,-8.54%
2021/3/16,19.92,20.42,20.6,19.55,64.30K,-0.90%
2021/3/17,20.8,19.8,20.7,19.8,1.84K,4.42%
2021/3/18,24.3,23.15,24.55,22.75,101.04K,16.83%
2021/3/19,23.32,24.15,24.81,23.2,78.52K,-4.05%
2021/3/22,21.73,23.6,23.85,21.55,64.86K,-6.79%
2021/3/23,22.83,21.77,23.32,21.77,,5.07%
2021/3/24,22.98,22.6,23.1,21.85,79.26K,0.63%
2021/3/25,22.31,22.9,24.5,22.15,118.60K,-2.92%
2021/3/26,21.39,22.3,22.9,21.1,114.32K,-4.12%
2021/3/29,22,21.55,22.7,21.45,92.90K,2.89%
2021/3/30,21.03,21.9,22.35,20.97,59.03K,-4.41%
2021/3/31,20.73,21.1,21.35,20.37,73.33K,-1.42%
2021/4/1,20.08,20.7,20.8,19.8,66.85K,-3.14%
2021/4/2,19.62,19.83,19.83,19.58,,-2.30%
2021/4/5,19.54,19.9,19.9,19.3,50.46K,-0.40%
2021/4/6,19.56,19.48,19.85,19.15,56.47K,0.10%
2021/4/7,18.99,19.65,19.7,18.85,53.51K,-2.94%
2021/4/8,18.49,18.9,18.91,18.25,69.78K,-2.62%
2021/4/9,18.15,18.4,18.83,18,48.83K,-1.83%
2021/4/12,18,18.35,18.85,17.95,62.69K,-0.81%
2021/4/13,17.68,18.05,18.48,17.55,68.55K,-1.81%
2021/4/14,18.1,17.75,18.3,17.45,80.26K,2.38%
2021/4/15,17.15,17.95,18,17.07,51.42K,-5.23%
2021/4/16,17,17.15,17.4,16.85,52.45K,-0.88%
2021/4/19,17.66,17.2,18.51,17.1,78.82K,3.85%
2021/4/20,18.65,17.7,19.3,17.41,72.24K,5.64%
2021/4/21,19.28,18.9,19.2,18,1.34K,3.36%
2021/4/22,21.17,20.2,21.65,19.85,122.08K,9.78%
2021/4/23,20.43,21.05,21.15,19.9,76.64K,-3.47%
2021/4/26,20.21,20.4,20.55,20.1,43.37K,-1.11%
2021/4/27,19.71,20.25,20.45,19.65,60.41K,-2.45%
2021/4/28,19.66,19.83,20,19.5,51.87K,-0.23%
2021/4/29,19.57,19.65,20.4,19.2,68.95K,-0.48%
2021/4/30,20.44,19.65,20.7,19.65,79.80K,4.44%
2021/5/3,19.73,20.45,20.55,19.65,58.64K,-3.45%
2021/5/4,20.55,19.75,22,19.6,119.68K,4.14%
2021/5/5,19.98,20.75,20.85,19.5,72.91K,-2.78%
2021/5/6,19.69,20.1,21.1,19.56,74.92K,-1.45%
2021/5/7,18.29,19.8,19.95,18.2,69.51K,-7.10%
2021/5/10,19.48,18.35,19.93,18,92.91K,6.51%
2021/5/11,21.24,19.78,22.1,19.5,167.23K,9.02%
2021/5/12,25.97,21.7,27.15,21.2,176.40K,22.29%
2021/5/13,22.69,26.25,27.03,22.12,115.39K,-12.63%
2021/5/14,19.13,22.75,22.9,18.89,88.73K,-15.70%
2021/5/17,19.91,19.25,21.35,18.95,74.62K,4.05%
2021/5/18,21.14,19.7,21.9,18.79,61.76K,6.22%
2021/5/19,25.21,21.6,25.35,21.6,2.69K,19.23%
2021/5/20,22.1,23.65,24,21.85,83.91K,-12.32%
2021/5/21,21.85,22.2,22.2,21.4,54.67K,-1.17%
2021/5/24,20.76,22.05,22.25,20.5,50.72K,-4.98%
2021/5/25,20.7,20.85,21.15,20.5,51.63K,-0.27%
2021/5/26,19.62,20.65,20.65,19.58,54.56K,-5.21%
2021/5/27,18.57,19.6,20.1,18.5,61.75K,-5.38%
2021/5/28,19.13,18.6,19.2,18.45,59.30K,3.06%
2021/5/30,18.98,19.02,19.02,18.88,,-0.81%
2021/5/31,19.18,18.98,24.32,18.9,,1.05%
2021/6/1,19.56,18.95,19.65,18.45,64.37K,1.96%
2021/6/2,18.92,19.4,19.61,18.65,49.06K,-3.22%
2021/6/3,19.29,19,20,18.92,60.78K,1.91%
2021/6/4,18.12,19.35,19.71,17.95,65.10K,-6.02%
2021/6/7,17.64,18.29,18.55,17.6,36.03K,-2.70%
2021/6/8,17.9,17.75,18.46,17.5,47.97K,1.50%
2021/6/9,18.38,18,18.5,17.62,49.71K,2.67%
2021/6/10,16.9,18.35,18.65,16.85,63.75K,-8.03%
2021/6/11,16.55,17.03,17.05,16.07,51.23K,-2.09%
2021/6/14,16.45,16.65,17.08,16.05,48.57K,-0.60%
2021/6/15,17.1,16.65,17.43,16.2,53.71K,3.95%
2021/6/16,16.38,17.3,17.44,16.9,1.83K,-4.22%
2021/6/17,19.51,19.8,20.55,18.84,76.91K,19.14%
2021/6/18,21.34,19.5,21.65,19.25,138.39K,9.35%
2021/6/21,19.92,21.45,22.25,19.6,93.04K,-6.67%
2021/6/22,18.83,20.1,20.35,18.7,79.06K,-5.47%
2021/6/23,18.44,18.8,18.95,18.25,51.15K,-2.05%
2021/6/24,18.17,18.37,18.4,17.9,44.08K,-1.49%
2021/6/25,17.7,18.15,18.3,17.65,39.21K,-2.56%
2021/6/28,17.72,17.7,18.05,17.5,47.23K,0.11%
2021/6/29,18.13,17.8,18.13,17.58,,2.29%
2021/6/30,17.9,18.05,18.41,17.75,57.48K,-1.24%
2021/7/1,17.47,17.85,18,17.44,46.29K,-2.40%
2021/7/2,17.47,17.55,17.66,16.85,69.04K,0.00%
2021/7/4,17.48,17.5,17.52,17.42,,0.05%
2021/7/5,17.23,17.55,17.65,17.17,,-1.43%
2021/7/6,18,17.45,18.7,17.19,80.50K,4.46%
2021/7/7,18.05,18.16,18.8,17.7,60.06K,0.28%
2021/7/8,19.55,17.95,20.5,17.9,137.35K,8.29%
2021/7/9,17.8,19.75,20.1,17.7,89.04K,-8.95%
2021/7/12,17.37,17.85,18.4,17.25,50.29K,-2.39%
2021/7/13,17.73,17.3,17.9,16.95,63.28K,2.09%
2021/7/14,17.05,17.75,18.05,16.91,67.78K,-3.87%
2021/7/15,17.51,17.16,18.25,17.15,78.84K,2.72%
2021/7/16,18.62,17.65,18.76,16.8,69.10K,6.36%
2021/7/19,22.74,18.55,24.76,18.35,127.90K,22.10%
2021/7/20,19.96,21.95,22.85,19.75,67.14K,-12.23%
2021/7/21,18.9,19.95,20,18.5,1.48K,-5.29%
2021/7/22,20.57,20.1,20.85,19.9,71.29K,8.82%
2021/7/23,20.37,20.2,20.5,19.95,56.39K,-0.97%
2021/7/26,20.15,20.4,21.45,20,53.17K,-1.07%
2021/7/27,20.71,20.15,21.9,20.05,97.23K,2.80%
2021/7/28,20.11,21.08,21.25,19.78,72.66K,-2.92%
2021/7/29,19.71,20.4,20.7,19.55,49.70K,-1.99%
2021/7/30,20.27,20.1,21.12,19.78,66.01K,2.87%
2021/8/2,21.15,20.45,21.3,19.55,68.49K,4.32%
2021/8/3,19.85,21.1,21.45,19.8,75.34K,-6.13%
2021/8/4,19.85,20,20.46,19.6,44.34K,0.00%
2021/8/5,19.31,19.9,19.95,19.25,35.05K,-2.70%
2021/8/6,18.7,19.4,19.5,18.65,51.94K,-3.16%
2021/8/9,18.42,18.8,19.35,18.25,51.90K,-1.49%
2021/8/10,17.98,18.4,18.6,17.8,46.72K,-2.42%
2021/8/11,17.44,18.05,18.3,17.35,53.59K,-2.97%
2021/8/12,17,17.65,17.8,16.78,44.04K,-2.53%
2021/8/13,16.63,16.88,17.05,16.5,40.42K,-2.19%
2021/8/16,16.5,16.65,17.95,16.45,47.47K,-0.76%
2021/8/17,17.58,16.65,19.35,16.5,65.48K,6.51%
2021/8/18,18.58,18,18.4,17.35,0.64K,5.70%
2021/8/19,22.35,21.65,23.2,21.3,172.21K,20.27%
2021/8/20,20.53,22.2,23.1,20.35,102.61K,-8.14%
2021/8/23,19.85,20.6,20.6,19.45,69.77K,-3.32%
2021/8/24,19.73,19.7,19.9,19.5,43.65K,-0.59%
2021/8/25,19.23,19.65,19.9,19.15,41.15K,-2.52%
2021/8/26,20.12,19.3,20.45,19.25,92.26K,4.63%
2021/8/27,18.95,20.15,20.4,18.8,65.21K,-5.81%
2021/8/30,18.75,19.1,19.2,18.65,49.95K,-1.09%
2021/8/31,18.62,18.7,19.1,18.43,48.40K,-0.67%
2021/9/1,18.08,18.5,18.76,17.9,55.00K,-2.90%
2021/9/2,17.96,18.1,18.45,17.75,49.58K,-0.65%
2021/9/3,18.35,18.05,18.65,17.85,63.46K,2.17%
2021/9/5,18.42,18.28,18.48,18.25,,0.37%
2021/9/6,18.1,18.45,18.58,17.92,,-1.74%
2021/9/7,18.83,18.3,19.3,17.9,68.70K,4.04%
2021/9/8,18.77,18.9,20.15,18.7,80.28K,-0.35%
2021/9/9,19.37,19.1,20.1,18.33,85.18K,3.23%
2021/9/10,20.62,19.5,20.71,18.1,92.67K,6.47%
2021/9/13,19.3,20.4,20.8,19.05,77.78K,-6.43%
2021/9/14,19.72,19.3,20.4,18.65,62.00K,2.16%
2021/9/15,19.79,19.5,19.83,18.95,1.05K,0.38%
2021/9/16,20.56,20.8,21.41,20.34,68.49K,3.87%
2021/9/17,21.94,20.69,22.35,20.39,103.02K,6.72%
2021/9/20,24.46,22.15,26.75,21.98,,11.51%
2021/9/21,23.43,24.7,25.03,23.1,141.55K,-4.22%
2021/9/22,22.1,23.9,24.48,21.64,116.24K,-5.68%
2021/9/23,20.6,21.96,22.05,20.45,100.65K,-6.79%
2021/9/24,19.82,20.6,21.36,19.75,81.93K,-3.79%
2021/9/27,20.11,19.75,20.4,19.3,66.31K,1.46%
2021/9/28,22.52,20.35,23.15,20,193.66K,11.98%
2021/9/29,22.99,22.8,23.16,21.7,100.08K,2.10%
2021/9/30,22.87,22.7,23.45,21.63,108.20K,-0.54%
2021/10/1,21.99,23,24.05,21.3,111.76K,-3.82%
2021/10/4,22.68,21.65,23.61,21.25,108.05K,3.12%
2021/10/5,21.75,22.75,23.55,21.1,84.14K,-4.09%
2021/10/6,21.22,21.6,23.55,21.15,109.56K,-2.47%
2021/10/7,20.1,21.3,21.31,20,64.99K,-5.26%
2021/10/8,19.72,20.15,20.37,19.38,68.07K,-1.91%
2021/10/11,20.15,19.9,20.6,19,65.38K,2.20%
2021/10/12,19.72,20.2,20.8,19.43,63.01K,-2.15%
2021/10/13,19.15,20.1,20.2,19.1,66.69K,-2.87%
2021/10/14,17.6,19.18,19.18,17.57,,-8.09%
2021/10/15,17.17,17.66,17.77,16.75,48.80K,-2.44%
2021/10/18,16.62,17.05,17.81,16.55,54.05K,-3.23%
2021/10/19,15.96,16.8,16.9,15.9,42.92K,-3.93%
2021/10/20,15.35,16,16.15,15.75,0.81K,-3.85%
2021/10/21,18.7,19.35,19.7,18.65,55.51K,21.81%
2021/10/22,19.1,18.95,19.6,18.55,67.02K,2.16%
2021/10/25,18.55,19.25,19.45,18.5,48.51K,-2.89%
2021/10/26,18.92,18.6,19.4,18.25,60.97K,2.02%
2021/10/27,19.35,18.95,19.5,18.4,77.33K,2.25%
2021/10/28,18.65,19.3,19.35,18.6,52.07K,-3.61%
2021/10/29,18.78,18.95,19.55,18.65,60.18K,0.69%
2021/11/1,18.4,18.75,19.26,18.35,49.12K,-2.02%
2021/11/2,17.85,18.45,18.66,17.81,44.99K,-2.99%
2021/11/3,17.11,17.9,18.15,17,61.91K,-4.16%
2021/11/4,17.4,17.22,17.8,16.83,71.71K,1.73%
2021/11/5,18.44,17.35,18.55,17,98.15K,5.95%
2021/11/8,18.49,18.45,18.95,17.95,72.75K,0.30%
2021/11/9,18.9,18.4,19.6,18.4,91.12K,2.19%
2021/11/10,19.53,18.95,20.3,18.45,111.73K,3.32%
2021/11/11,18.76,19.65,19.7,18.35,61.53K,-3.93%
2021/11/12,17.42,18.65,18.7,17.4,61.22K,-7.15%
2021/11/15,17,17.4,17.88,16.93,55.47K,-2.39%
2021/11/16,16.8,17,17.38,16.15,55.99K,-1.19%
2021/11/17,16.34,19.95,20.45,19.82,,-2.73%
2021/11/18,20.5,20.3,20.75,20,54.22K,25.46%
2021/11/19,20.8,20.5,21.1,20.2,71.62K,1.46%
2021/11/22,21.15,20.7,21.26,20.15,75.27K,1.70%
2021/11/23,20.56,21,21.6,20.5,88.43K,-2.79%
2021/11/24,20.35,20.7,21.6,20.15,83.06K,-1.05%
2021/11/25,20.48,20.23,20.53,20.02,,0.65%
2021/11/26,26.54,20.25,27,20.05,209.64K,29.60%
2021/11/29,22.2,25.75,25.8,21.4,157.37K,-16.34%
2021/11/30,25.69,22.45,25.8,22.01,176.45K,15.68%
2021/12/1,27.83,25.1,27.95,22.59,151.90K,8.35%
2021/12/2,25.94,26.07,27.27,25.07,,-6.80%
2021/12/3,28.73,25.8,31.5,25.35,197.28K,10.76%
2021/12/6,25.85,28.7,28.85,25.7,110.96K,-10.02%
2021/12/7,22.54,25.85,25.85,22.15,107.04K,-12.80%
2021/12/8,20.83,22.4,23.1,20.65,73.43K,-7.62%
2021/12/9,21.57,20.85,22.25,20.45,82.12K,3.56%
2021/12/10,19.8,21.6,21.85,19.75,74.29K,-8.21%
2021/12/13,20.58,19.9,21.25,19.35,76.69K,3.97%
2021/12/14,21.29,20.5,22.6,20.09,83.08K,3.41%
2021/12/15,19.08,21.55,22.55,19,85.47K,-10.38%
2021/12/16,20.42,19.2,21.25,18.35,103.79K,7.06%
2021/12/17,21.07,20.2,22.46,20,90.42K,3.17%
2021/12/20,22.81,21.05,25.75,21,96.95K,8.26%
2021/12/21,21.07,23.73,24.13,22.92,,-7.61%
2021/12/22,20.83,21.2,21.75,20.7,0.79K,-1.15%
2021/12/23,21.65,21.8,21.95,21.3,47.71K,3.95%
2021/12/27,21.01,21.7,21.9,20.9,49.75K,-2.99%
2021/12/28,20.53,21.05,21.28,20.45,56.01K,-2.26%
2021/12/29,20.01,20.5,20.7,19.75,48.72K,-2.55%
2021/12/30,19.94,19.95,20.15,19.4,43.40K,-0.32%
2021/12/31,19.67,19.75,20.2,19.5,34.72K,-1.35%
2022/1/3,18.86,19.6,19.81,18.75,59.44K,-4.15%
2022/1/4,18.87,19,19.65,18.55,62.26K,0.06%
2022/1/5,20.77,19,21.1,18.62,93.99K,10.10%
2022/1/6,20.85,20.95,21.8,20.22,86.11K,0.36%
2022/1/7,20.4,20.85,21.5,20.2,76.13K,-2.17%
2022/1/10,19.9,20.55,23.05,19.8,118.52K,-2.42%
2022/1/11,18.95,20.05,20.85,18.9,90.33K,-4.77%
2022/1/12,18.58,19,19.2,18.15,77.26K,-1.97%
2022/1/13,20.42,18.7,20.63,18.25,69.67K,9.88%
2022/1/14,19.67,20.5,21.6,19.57,83.75K,-3.67%
2022/1/16,21.83,19.68,21.83,19.68,,11.00%
2022/1/17,21.83,21.88,22.18,21.68,,0.00%
2022/1/18,22.62,19.7,22.9,19.45,79.85K,3.62%
2022/1/19,22.79,22.45,23.5,21.7,1.25K,0.75%
2022/1/20,24.97,24,25.88,22.4,105.91K,9.55%
2022/1/21,27.31,25.5,27.6,24.9,193.94K,9.38%
2022/1/24,28.07,27.25,33.1,26.15,273.44K,2.78%
2022/1/25,28.16,28.05,31.15,27.21,158.71K,0.34%
2022/1/26,28.63,29.2,29.45,25.45,149.61K,1.66%
2022/1/27,28.83,28.4,30.7,26.45,129.07K,0.68%
2022/1/28,26.87,28,30.1,26.55,103.71K,-6.77%
2022/1/31,24.85,26.95,27.94,24.75,95.95K,-7.52%
2022/2/1,22.75,24.85,25.15,22.6,89.92K,-8.48%
2022/2/2,22.03,22.8,23.35,21.95,91.19K,-3.16%
2022/2/3,25.73,23.05,25.85,23.03,130.30K,16.82%
2022/2/4,24.26,24.1,26.1,23.32,109.01K,-5.71%
2022/2/7,23.65,24.3,24.7,22.85,65.48K,-2.51%
2022/2/8,22.31,23.45,23.91,22.2,63.22K,-5.67%
2022/2/9,21.16,22.35,22.38,21.1,62.67K,-5.18%
2022/2/10,24.22,21.35,24.95,21.25,103.48K,14.48%
2022/2/11,27.81,24.2,29.7,23.7,119.51K,14.85%
2022/2/14,28.34,27.16,29.48,26.98,88.31K,1.88%
2022/2/15,25.38,28.25,28.8,25.22,57.75K,-10.42%
2022/2/16,26.37,25.8,26.3,24.7,1.05K,3.89%
2022/2/17,27.57,24.55,27.8,24.28,113.09K,4.54%
2022/2/18,28.15,27.6,28.85,26.25,94.57K,2.10%
2022/2/20,28.78,28.38,28.88,28.38,,2.24%
2022/2/21,29.38,28.83,29.98,26.78,,2.08%
2022/2/22,27.96,28.35,30.3,26.75,128.72K,-4.83%
2022/2/23,29.67,27.82,29.82,26.68,95.76K,6.11%
2022/2/24,28.55,29.8,34.05,28.44,144.48K,-3.78%
2022/2/25,27.26,28.79,30.44,26.82,96.07K,-4.52%
2022/2/28,28.62,29.5,31.1,28.04,,4.99%
2022/3/1,32.12,28.7,32.61,28.13,,12.26%
2022/3/2,29.61,31.75,32.85,29.35,,-7.81%
2022/3/3,29.91,29.92,30.9,28.8,67.82K,0.98%
2022/3/4,31.53,29.75,33.2,29.7,93.30K,5.42%
2022/3/7,34.81,32.85,34.94,31.4,,10.41%
2022/3/8,33.92,34.8,36.5,32.04,,-2.56%
2022/3/9,32.12,34.2,34.35,31.05,57.71K,-5.30%
2022/3/10,30.42,31.8,33.43,30.15,,-5.30%
2022/3/11,31,30.4,31.1,28.45,63.12K,1.93%
2022/3/14,31.8,30.5,32.9,29.59,42.08K,2.58%
2022/3/15,32.28,31.62,33.4,31.2,3.28K,1.50%
2022/3/16,27.54,30.2,30.65,27.34,86.55K,-14.68%
2022/3/17,27.11,27.3,28.1,26.68,59.26K,-1.55%
2022/3/18,25.64,27.5,27.95,25.5,64.76K,-5.44%
2022/3/21,25.48,25.7,26.45,24.78,63.76K,-0.62%
2022/3/22,25,25.4,25.95,24.7,49.93K,-1.90%
2022/3/23,24.89,25,25.8,24.8,61.68K,-0.43%
2022/3/24,24.27,25.15,25.2,24.05,52.04K,-2.52%
2022/3/25,23.46,24.25,24.71,23.4,64.30K,-3.34%
2022/3/28,22.99,23.55,24.8,22.9,64.65K,-1.96%
2022/3/29,21.75,23.04,23.15,21.55,66.45K,-5.40%
2022/3/30,22.07,21.85,22.85,21.54,51.78K,1.46%
2022/3/31,23.47,22,23.6,21.75,63.13K,6.34%
2022/4/1,22.33,23.15,23.5,22.25,57.65K,-4.84%
2022/4/4,20.96,22.5,22.6,20.9,44.49K,-6.14%
2022/4/5,23.26,21.1,23.31,20.93,66.45K,10.94%
2022/4/6,23.7,22.8,25.6,22.75,86.20K,1.92%
2022/4/7,22.98,24,24.45,22.64,63.00K,-3.06%
2022/4/8,22.85,23.1,23.7,22,49.98K,-0.56%
2022/4/11,24.7,22.75,24.86,22.66,63.57K,8.13%
2022/4/12,25.06,24.75,25.55,23.3,68.45K,1.46%
2022/4/13,22.69,24.9,25,22.5,58.56K,-9.49%
2022/4/14,23.42,22.9,23.65,21.95,58.31K,3.24%
2022/4/18,22.95,23.5,24.36,22.5,38.83K,-2.00%
2022/4/19,21.15,22.65,23.15,20.7,45.08K,-7.86%
2022/4/20,20.3,21.8,22.1,20.1,0.89K,-4.01%
2022/4/21,24.69,22.95,25.18,22.46,101.29K,21.63%
2022/4/22,27.99,24.79,28.55,24.45,140.72K,13.35%
2022/4/25,27.26,28.05,29.65,27.03,141.38K,-2.61%
2022/4/26,30.3,27.1,31.2,26.83,,11.17%
2022/4/27,30.82,30.95,31,28.95,,1.73%
2022/4/28,29.24,29.85,30.1,27.7,102.32K,-5.14%
2022/4/29,31.65,29.5,31.8,28.6,103.22K,8.24%
2022/5/2,30.95,31.2,33.45,30.7,109.60K,-2.21%
2022/5/3,28.89,30.6,31.35,28.55,,-6.66%
2022/5/4,25.76,28.8,28.95,25.6,99.38K,-10.82%
2022/5/5,31.33,26.05,32.1,25.95,,21.60%
2022/5/6,30.81,31.05,33.88,30.5,126.22K,-1.64%
2022/5/9,33.82,31.15,34.29,31.1,,9.75%
2022/5/10,32.25,34.05,34.9,31.64,,-4.62%
2022/5/11,32.16,32.35,33.75,30.4,,-0.28%
2022/5/12,31.25,31.5,33.48,31,,-2.82%
2022/5/13,29.4,31.45,31.45,29.2,96.93K,-5.95%
2022/5/16,27.59,28.8,29.55,27.35,50.39K,-6.16%
2022/5/17,26.6,27.6,27.75,25.75,44.15K,-3.58%
2022/5/18,27.68,27.36,32.13,27.33,,4.06%
2022/5/19,29.29,32.18,32.93,28.73,,5.80%
2022/5/20,29.42,29.15,31.7,28.05,112.60K,0.47%
2022/5/23,29.08,29.35,29.95,28.5,,-1.16%
2022/5/24,29.19,29.15,30.55,28.94,80.01K,0.36%
2022/5/25,28.49,29.15,30,28.15,,-2.40%
2022/5/26,28.06,28.48,28.63,27.78,,-1.48%
2022/5/27,26.87,28.25,28.4,26.75,57.90K,-4.26%
2022/5/29,26.73,26.75,26.83,26.68,,-0.51%
2022/5/30,26.83,26.78,27.03,26.43,,0.37%
2022/5/31,26.41,26.7,28.25,26.2,84.42K,-1.56%
2022/6/1,26.19,26.45,27.86,25.75,80.55K,-0.83%
2022/6/2,25.6,26.3,26.55,25.1,56.76K,-2.27%
2022/6/3,25.96,25.5,26.7,25.43,59.83K,1.42%
2022/6/6,25.59,26,26.16,25.15,51.07K,-1.45%
2022/6/7,24.68,25.6,26.45,24.64,54.46K,-3.54%
2022/6/8,24.7,24.85,25.4,24.5,50.67K,0.08%
2022/6/9,26.42,24.75,26.51,24.39,58.16K,6.98%
2022/6/10,28.29,26.35,29.35,26.15,83.29K,7.06%
2022/6/13,32.89,29.3,33.25,29.1,174.76K,16.28%
2022/6/14,31.81,32.75,33.05,31.45,112.81K,-3.29%
2022/6/15,30.03,31.8,31.95,28.95,109.62K,-5.60%
2022/6/16,31.92,29.7,32.75,29.15,106.72K,6.29%
2022/6/17,30.9,32,32.25,30.55,72.69K,-3.19%
2022/6/19,30.58,30.7,30.78,30.48,,-1.04%
2022/6/20,30.18,30.61,32.13,30.08,,-1.31%
2022/6/21,30.32,30.75,32.1,29.15,85.22K,0.47%
2022/6/22,29.01,30.1,31.4,28.9,79.03K,-4.33%
2022/6/23,29.01,29.15,29.8,28.65,69.21K,0.00%
2022/6/24,28.48,29.1,29.2,28,61.86K,-1.83%
2022/6/27,27.41,28.29,28.81,27.35,58.67K,-3.74%
2022/6/28,28.33,27.45,28.6,26.87,64.63K,3.36%
2022/6/29,28.33,28.55,29.15,28,51.21K,0.00%
2022/6/30,28.56,28.1,29.95,28,80.18K,0.81%
2022/7/1,27.69,28.8,29.65,27.55,74.24K,-3.06%
2022/7/3,28.03,27.73,28.03,27.73,,1.23%
2022/7/4,27.58,27.98,28.33,27.53,,-1.61%
2022/7/5,27.73,27.8,29.75,27.5,83.94K,0.53%
2022/7/6,27.2,27.82,28.4,26.95,53.87K,-1.90%
2022/7/7,26.85,27.2,27.55,26.4,54.05K,-1.28%
2022/7/8,26.05,26.85,27.3,25.79,65.65K,-2.98%
2022/7/11,27.19,26,27.27,26,52.18K,4.36%
2022/7/12,27.39,27.1,27.86,26.32,54.17K,0.74%
2022/7/13,26.86,27.4,28.8,26.5,71.57K,-1.91%
2022/7/14,26.87,27.25,28.65,26.83,65.51K,0.00%
2022/7/15,25.21,26.9,27.3,25.1,52.69K,-6.18%
2022/7/18,25.7,25.2,26.13,24.77,47.97K,1.96%
2022/7/19,24.83,25.55,25.65,24.33,42.66K,-3.39%
2022/7/20,24.37,24.7,24.85,24,1.37K,-1.85%
2022/7/21,25.74,26.45,26.75,25.69,65.05K,5.64%
2022/7/22,25.5,25.95,26.4,25.4,73.26K,-0.93%
2022/7/25,25.21,25.6,25.95,25,64.05K,-1.14%
2022/7/26,25.95,25.45,26.35,25.3,72.69K,2.92%
2022/7/27,25,25.7,25.71,24.45,67.27K,-3.67%
2022/7/28,23.67,25.05,25.15,23.45,78.77K,-5.33%
2022/7/29,23.42,23.45,23.9,23.3,66.57K,-1.06%
2022/8/1,24.21,23.35,24.4,23.35,67.66K,3.41%
2022/8/2,24.61,24.2,25.25,23.65,81.13K,1.64%
2022/8/3,23.16,24.55,24.78,23,59.70K,-5.88%
2022/8/4,23.2,23.25,24,23.1,58.34K,0.16%
2022/8/5,22.45,23.2,24,22.35,67.33K,-3.24%
2022/8/8,22.66,22.55,23.15,21.85,64.16K,0.94%
2022/8/9,22.99,22.6,23.3,22.55,55.18K,1.46%
2022/8/10,21.35,22.9,23.1,21.2,72.82K,-7.13%
2022/8/11,21.5,21.45,22.17,21.1,61.67K,0.70%
2022/8/12,21.19,21.4,21.65,20.55,49.45K,-1.45%
2022/8/15,20.43,21.35,21.63,20.35,45.41K,-3.59%
2022/8/16,20,20.55,20.8,19.95,42.01K,-2.08%
2022/8/17,20.11,20,20.75,19.8,1.26K,0.55%
2022/8/18,23,23.33,23.65,22.9,45.78K,14.37%
2022/8/19,24.1,23.05,24.6,23,75.09K,4.80%
2022/8/22,25.82,24.25,25.91,24.25,84.79K,7.13%
2022/8/23,25.33,25.65,26.1,24.88,67.34K,-1.90%
2022/8/24,24.35,25.4,25.7,24.2,59.39K,-3.87%
2022/8/25,23.6,24.2,24.45,23.45,62.87K,-3.09%
2022/8/26,26.18,23.7,26.31,23.45,101.32K,10.94%
2022/8/29,26.03,26.45,27.15,25.7,90.63K,-0.58%
2022/8/30,26.46,26.15,27,25.35,96.40K,1.66%
2022/8/31,25.79,26.3,26.48,25.41,76.58K,-2.52%
2022/9/1,25.62,25.9,27.2,25.5,84.94K,-0.67%
2022/9/2,25.94,25.7,26.45,24.25,113.37K,1.23%
2022/9/4,25.73,25.7,26.08,25.7,,-0.80%
2022/9/5,25.48,25.68,26.03,25.33,,-0.97%
2022/9/6,26.76,25.65,27,24.9,98.12K,5.02%
2022/9/7,24.9,26.7,27.2,24.8,71.96K,-6.96%
2022/9/8,24.32,24.95,25.71,24.2,59.94K,-2.33%
2022/9/9,23.95,24.25,24.33,23.55,48.10K,-1.51%
2022/9/12,23.92,23.75,24.31,23.1,61.96K,-0.13%
2022/9/13,26.75,23.8,27.2,23.41,127.79K,11.81%
2022/9/14,26.42,26.7,27.11,26,84.33K,-1.23%
2022/9/15,26.36,26.1,26.7,25.4,61.91K,-0.20%
2022/9/16,26.22,26.65,28.3,26.15,72.83K,-0.54%
2022/9/19,25.78,26.25,27.3,25.5,47.96K,-1.70%
2022/9/20,27,25.7,27.66,25.48,43.97K,4.75%
2022/9/21,26.65,27.1,27.7,26.8,1.36K,-1.30%
2022/9/22,28.1,28.4,28.75,27.5,85.23K,5.42%
2022/9/23,29.86,27.8,31.21,27.8,148.06K,6.28%
2022/9/26,30.92,30.1,31.2,29.25,120.89K,3.57%
2022/9/27,31.38,30.85,32.2,29.75,96.74K,1.48%
2022/9/28,29.89,31.05,32.71,29.5,100.79K,-4.75%
2022/9/29,30.94,29.85,32.3,29.69,103.39K,3.52%
2022/9/30,31.52,30.95,31.6,29.83,94.32K,1.85%
2022/10/3,29.99,31.65,32.2,29.35,76.27K,-4.84%
2022/10/4,28.8,29.9,30.2,28.5,76.95K,-3.97%
2022/10/5,28.96,28.8,30.05,28.6,70.53K,0.57%
2022/10/6,29.92,28.89,30.06,28.15,67.06K,3.30%
2022/10/7,31.2,30,31.7,29.55,73.04K,4.28%
2022/10/10,32.11,31.6,33.11,31.3,75.38K,2.91%
2022/10/11,32.75,32,33.24,31.5,66.08K,2.01%
2022/10/12,32.17,32.45,32.76,31.8,58.77K,-1.77%
2022/10/13,31.05,32.1,33.27,30.75,105.82K,-3.49%
2022/10/14,31.93,30.8,32.7,30.15,70.56K,2.83%
2022/10/17,31.18,32,32.05,30.25,52.02K,-2.35%
2022/10/18,30.86,31.05,31.65,30.5,45.97K,-1.04%
2022/10/19,31.77,30.7,31.6,30.5,1.22K,2.96%
2022/10/20,29.96,30.45,30.89,29.4,86.80K,-5.69%
2022/10/21,29.99,30.05,30.36,29.25,78.38K,0.08%
2022/10/24,29.35,29.65,30.35,29.25,61.76K,-2.11%
2022/10/25,28.19,29.55,29.7,28.1,68.24K,-3.98%
2022/10/26,27.49,28.45,28.9,27.35,71.75K,-2.48%
2022/10/27,26.92,27.45,27.91,26.75,66.11K,-2.07%
2022/10/28,26.26,27.4,27.65,26,62.87K,-2.45%
2022/10/31,25.88,26.15,26.75,25.75,57.61K,-1.47%
2022/11/1,25.63,25.92,26.15,25.51,58.26K,-0.93%
2022/11/2,26.45,25.8,26.7,25.43,86.94K,3.17%
2022/11/3,25.67,26.45,27.28,25.55,67.71K,-2.94%
2022/11/4,25.53,25.75,26.3,24.65,83.64K,-0.55%
2022/11/7,25.16,26,26,24.9,49.98K,-1.46%
2022/11/8,26.1,25.15,26.41,24.9,61.32K,3.76%
2022/11/9,26.86,26.15,27.15,26,61.96K,2.89%
2022/11/10,24.63,26.85,26.95,24.23,71.80K,-8.29%
2022/11/11,23.95,24.75,25.21,23.83,49.16K,-2.76%
2022/11/14,24.24,24.05,24.4,23.27,58.70K,1.20%
2022/11/15,24.58,24.05,26.05,23.38,59.26K,1.43%
2022/11/16,24.93,24.7,25.6,23.85,1.11K,1.41%
2022/11/17,24.77,25.15,25.75,24.7,51.94K,-0.66%
2022/11/18,24.51,24.75,25.1,24.45,41.94K,-1.02%
2022/11/21,23.81,24.45,24.8,23.75,41.50K,-2.86%
2022/11/22,22.95,23.83,23.95,22.9,40.17K,-3.63%
2022/11/23,22.4,22.95,23.15,22.35,50.28K,-2.39%
2022/11/24,22.43,22.48,22.53,22.38,,0.12%
2022/11/25,22.49,22.5,22.8,22.35,25.08K,0.25%
2022/11/28,23.4,22.6,23.65,22.55,53.03K,4.08%
2022/11/29,23.04,23.48,23.6,22.95,49.96K,-1.55%
2022/11/30,22.12,23.1,23.55,21.9,73.05K,-3.98%
2022/12/1,21.57,22.05,22.61,21.55,62.72K,-2.47%
2022/12/2,21.2,21.65,22.45,21.05,71.55K,-1.72%
2022/12/5,21.69,21.3,22.2,21.1,72.95K,2.27%
2022/12/6,22.45,21.67,22.73,21.25,60.34K,3.53%
2022/12/7,22.86,22.48,23.2,22.3,58.51K,1.83%
2022/12/8,22.4,22.9,23.16,22.23,41.76K,-2.03%
2022/12/9,23.1,22.46,23.25,22.15,55.33K,3.14%
2022/12/12,23.1,23.2,23.4,22.8,59.63K,0.00%
2022/12/13,21.69,23.17,23.46,21.2,79.13K,-6.12%
2022/12/14,20.63,21.8,22.05,20.45,81.99K,-4.90%
2022/12/15,22.31,20.57,23.15,20.5,83.91K,8.15%
2022/12/16,22.45,22.45,23.25,21.93,66.90K,0.64%
2022/12/19,22.15,22.6,22.63,21.45,47.06K,-1.35%
2022/12/20,21.48,22.25,23.1,21.25,44.39K,-2.99%
2022/12/21,20.25,21.5,21.5,20.55,1.40K,-5.75%
2022/12/22,24.26,22.95,25.4,22.75,110.07K,19.78%
2022/12/23,23.63,24.35,24.5,23.35,57.03K,-2.58%
2022/12/26,23.28,23.48,23.48,23.23,,-1.48%
2022/12/27,23.45,23.6,24.1,23.2,49.88K,0.74%
2022/12/28,23.55,23.45,23.65,22.85,48.61K,0.41%
2022/12/29,23.21,23.55,23.6,22.85,35.66K,-1.44%
2022/12/30,23.1,23.15,23.71,23.05,45.69K,-0.48%
2023/1/2,23.03,22.98,23.03,22.93,,-0.29%
2023/1/3,23.05,23,23.95,22.6,70.34K,0.09%
2023/1/4,22.4,23.3,23.3,22.38,63.18K,-2.82%
2023/1/5,22.65,22.6,23.2,22.32,65.72K,1.12%
2023/1/6,22.2,22.7,22.81,21.8,68.83K,-2.01%
2023/1/9,22.27,22.16,22.62,21.78,61.93K,0.32%
2023/1/10,21.09,22.4,22.73,21,68.83K,-5.26%
2023/1/11,21.2,21.15,21.45,21,53.23K,0.50%
2023/1/12,19.82,21.25,21.62,19.79,76.49K,-6.51%
2023/1/13,19.5,19.9,20.2,19.13,61.63K,-1.62%
2023/1/15,20.73,20.68,20.78,20.63,,6.31%
2023/1/16,20.88,20.78,20.98,20.68,,0.72%
2023/1/17,19.32,19.45,20.1,19.25,68.85K,-7.49%
2023/1/18,19.09,19.55,19.7,18.95,0.96K,-1.17%
2023/1/19,21.75,21.65,22.55,21.45,71.34K,13.91%
2023/1/20,21.09,21.65,21.85,20.85,63.09K,-3.03%
2023/1/23,20.75,21,21.15,20.65,62.42K,-1.57%
2023/1/24,19.95,20.75,21.05,19.85,72.86K,-3.88%
2023/1/25,19.96,20,21.4,19.85,94.32K,0.04%
2023/1/26,19.67,20.05,20.23,19.59,59.41K,-1.44%
2023/1/27,19.32,19.7,19.86,18.95,73.48K,-1.79%
2023/1/30,20.05,19.45,20.41,19.4,72.50K,3.78%
2023/1/31,19.53,20,20.62,19.3,67.62K,-2.61%
2023/2/1,18.75,19.45,20.05,18.5,96.71K,-3.97%
2023/2/2,19.3,18.75,19.9,18.1,116.05K,2.92%
2023/2/3,19.34,19.55,20.3,19.18,100.46K,0.20%
2023/2/6,20.01,19.4,20.2,19.38,81.82K,3.49%
2023/2/7,19.21,19.98,20.4,19.09,91.25K,-3.99%
2023/2/8,20.05,19.45,20.55,19.15,84.92K,4.36%
2023/2/9,20.81,20.1,20.9,19.35,77.12K,3.78%
2023/2/10,20.93,20.7,21.7,20.69,85.69K,0.58%
2023/2/13,19.91,20.75,21.25,19.8,57.91K,-4.85%
2023/2/14,18.65,19.9,20.05,18.55,72.85K,-6.35%
2023/2/15,18.69,18.95,19.3,18.7,1.19K,0.22%
2023/2/16,21.16,20.11,21.26,19.91,111.29K,13.22%
2023/2/17,21.25,21.21,22.06,21.15,77.71K,0.41%
2023/2/19,21.38,21.43,21.43,21.33,,0.62%
2023/2/20,21.61,21.48,21.63,21.33,,1.08%
2023/2/21,22.9,21.5,23.1,21.3,100.34K,5.97%
2023/2/22,22.21,23,23.26,22.05,89.86K,-3.01%
2023/2/23,21.37,22.05,22.45,21.2,70.85K,-3.77%
2023/2/24,22.19,21.35,22.87,21.3,97.32K,3.81%
2023/2/27,21.33,22.25,22.25,21.05,72.02K,-3.86%
2023/2/28,20.78,21.23,21.6,20.55,67.00K,-2.61%
2023/3/1,21.03,21,21.6,20.6,70.49K,1.23%
2023/3/2,20.2,21.02,21.7,20.15,68.15K,-3.95%
2023/3/3,19.5,20.3,20.45,19.4,60.46K,-3.48%
2023/3/6,19.22,19.45,19.65,19.05,56.41K,-1.43%
2023/3/7,19.75,19.2,19.95,18.85,76.52K,2.76%
2023/3/8,19.31,19.76,20,19.2,56.23K,-2.26%
2023/3/9,21.8,19.25,22,18.9,118.65K,12.90%
2023/3/10,24.18,21.8,27,21.15,243.50K,10.94%
2023/3/13,25.37,23.95,28.4,22.4,192.21K,4.93%
2023/3/14,23.7,25.25,25.65,22.2,144.39K,-6.58%
2023/3/15,25.81,23.6,28.55,23.02,172.66K,8.91%
2023/3/16,23.02,25.9,26.93,22.95,94.28K,-10.84%
2023/3/17,25.63,23.3,26.2,22.61,86.05K,11.38%
2023/3/20,24.17,25.8,28.05,23.9,58.26K,-5.72%
2023/3/21,21.59,24.2,24.29,21.15,60.91K,-10.66%
2023/3/22,20.68,21.6,22.1,21.2,0.77K,-4.22%
2023/3/23,24.22,23.5,24.65,22,121.53K,17.14%
2023/3/24,23.22,23.85,26.25,23.16,127.40K,-4.13%
2023/3/27,22.27,23.25,23.9,22.15,71.16K,-4.12%
2023/3/28,21.7,22.15,22.6,21.6,69.72K,-2.55%
2023/3/29,20.93,21.7,21.7,20.75,58.28K,-3.54%
2023/3/30,20.83,20.95,21.7,20.6,64.18K,-0.49%
2023/3/31,20.76,20.95,21.25,20.4,63.59K,-0.30%
2023/4/3,20.21,21.1,21.4,20.2,59.12K,-2.67%
2023/4/4,20.6,20.3,21.3,20.05,71.60K,1.93%
2023/4/5,20.42,20.6,21.25,20.35,52.72K,-0.88%
2023/4/6,19.98,20.55,20.87,19.78,52.74K,-2.16%
2023/4/7,20.13,20.11,20.18,19.78,,0.76%
2023/4/10,19.8,20.05,20.45,19.7,48.21K,-1.62%
2023/4/11,19.77,19.85,19.95,19.32,46.55K,-0.19%
2023/4/12,19.95,19.75,20.2,19.05,70.79K,0.94%
2023/4/13,18.73,20.05,20.12,18.7,61.42K,-6.10%
2023/4/14,18.35,18.9,19.05,18.16,58.82K,-2.04%
2023/4/17,17.42,18.15,18.3,17.4,54.37K,-5.10%
2023/4/18,17.05,17.45,17.63,16.88,39.59K,-2.09%
2023/4/19,16.75,17.15,17.65,16.8,1.34K,-1.77%
2023/4/20,19.84,19.55,20,19.3,55.40K,18.43%
2023/4/21,19.41,19.8,20.05,19.35,62.30K,-2.16%
2023/4/24,19.33,19.45,19.85,19.25,47.60K,-0.42%
2023/4/25,21.02,19.35,21.2,19.28,110.53K,8.76%
2023/4/26,20.42,20.6,21.13,19.8,97.28K,-2.83%
2023/4/27,19.45,20.35,20.38,19.15,68.82K,-4.79%
2023/4/28,18.44,19.35,19.87,18.4,75.58K,-5.19%
2023/5/1,18.17,18.5,18.65,17.65,77.25K,-1.45%
2023/5/2,19.34,18.6,20.8,18.55,145.60K,6.44%
2023/5/3,19.95,19.35,20.6,18.78,89.10K,3.17%
2023/5/4,21.19,20.65,22.1,19.8,146.70K,6.20%
2023/5/5,19.29,21.15,21.15,19.05,83.26K,-8.98%
2023/5/8,19,19.4,19.46,18.85,50.96K,-1.48%
2023/5/9,19.42,19.05,19.7,18.96,58.10K,2.20%
2023/5/10,18.85,19.45,19.88,18.3,104.06K,-2.93%
2023/5/11,18.6,18.9,19.65,18.47,76.68K,-1.31%
2023/5/12,18.54,18.65,19.1,17.85,67.25K,-0.32%
2023/5/15,17.8,18.61,18.77,17.55,62.46K,-4.00%
2023/5/16,18.28,17.73,18.43,17.63,48.05K,2.70%
2023/5/17,17.12,18.15,18.31,17.55,2.11K,-6.36%
2023/5/18,19.15,19.9,20.01,19.05,58.74K,11.84%
2023/5/19,19.65,19.1,20.1,18.85,85.28K,2.62%
2023/5/22,19.67,19.9,20.15,19.3,63.23K,0.11%
2023/5/23,20.05,19.7,20.4,19.41,69.32K,1.91%
2023/5/24,21,20.15,21.25,19.95,91.15K,4.74%
2023/5/25,20.43,20.54,20.95,20.17,64.98K,-2.72%
2023/5/26,19.58,20.45,20.6,18.95,75.10K,-4.13%
2023/5/28,19.08,19.13,19.26,19.08,,-2.56%
2023/5/29,19.23,19.13,19.26,19.08,,0.79%
2023/5/30,18.97,19.25,19.75,18.65,78.47K,-1.37%
2023/5/31,18.87,18.95,19.55,18.68,61.32K,-0.54%
2023/6/1,17.7,18.9,19.05,17.65,76.66K,-6.15%
2023/6/2,16.95,17.7,17.76,16.7,88.49K,-4.28%
2023/6/5,16.5,17,17.15,16.48,57.54K,-2.63%
2023/6/6,15.42,16.55,16.65,15.4,64.28K,-6.56%
2023/6/7,15.45,15.45,15.85,15.4,61.16K,0.21%
2023/6/8,15.01,15.5,15.7,14.8,52.68K,-2.84%
2023/6/9,15.24,15.1,15.52,14.93,55.66K,1.50%
2023/6/12,15.56,15.25,15.7,15.08,63.14K,2.13%
2023/6/13,15.32,15.45,15.55,15.11,65.59K,-1.57%
2023/6/14,14.78,15.3,15.4,14.68,77.19K,-3.53%
2023/6/15,15.1,14.7,15.2,14.55,69.83K,2.20%
2023/6/16,14.35,15.1,15.21,14.3,73.57K,-5.02%
2023/6/18,16.53,16.48,16.53,16.48,,15.23%
2023/6/19,16.63,16.58,16.63,16.48,,0.60%
2023/6/20,14.03,14.35,14.7,13.95,83.13K,-15.66%
2023/6/21,13.44,14.05,14.05,13.55,1.69K,-4.17%
2023/6/22,15.78,16.2,16.5,15.65,55.72K,17.40%
2023/6/23,15.95,15.75,16.4,15.75,66.01K,1.11%
2023/6/26,16,16,16.25,15.6,71.13K,0.26%
2023/6/27,15.56,16.03,16.05,15.2,55.54K,-2.71%
2023/6/28,14.99,15.6,15.7,14.95,56.51K,-3.66%
2023/6/29,15.33,15.05,15.45,14.9,64.76K,2.24%
2023/6/30,15.01,15.25,15.3,14.85,47.48K,-2.07%
2023/7/3,14.89,15.05,15.21,14.85,33.42K,-0.78%
2023/7/4,14.93,14.88,14.98,14.83,,0.24%
2023/7/5,15.28,14.88,15.35,14.85,59.96K,2.36%
2023/7/6,16.17,15.26,17.95,15.25,173.64K,5.78%
2023/7/7,15.86,16.3,16.7,15.5,103.90K,-1.88%
2023/7/10,15.77,15.9,16.4,15.6,76.87K,-0.55%
2023/7/11,15.55,15.77,15.83,15.2,87.46K,-1.41%
2023/7/12,14.29,15.41,15.7,14.25,99.60K,-8.10%
2023/7/13,14.19,14.3,14.31,13.9,76.53K,-0.71%
2023/7/14,13.8,14.19,14.4,13.75,61.76K,-2.73%
2023/7/17,13.7,13.75,14,13.55,54.34K,-0.77%
2023/7/18,13.3,13.65,13.9,13.25,59.44K,-2.91%
2023/7/19,13.02,13.3,13.3,13.03,1.21K,-2.11%
2023/7/20,15.85,15.86,16.12,15.6,65.37K,21.71%
2023/7/21,15.61,15.8,15.85,15.3,63.36K,-1.48%
2023/7/24,15.38,15.7,15.74,15.2,55.43K,-1.48%
2023/7/25,15.35,15.4,15.45,15,54.40K,-0.22%
2023/7/26,14.89,15.28,15.57,14.8,73.39K,-2.99%
2023/7/27,15.69,14.9,16.1,14.5,122.90K,5.37%
2023/7/28,14.99,15.65,15.75,14.85,77.54K,-4.46%
2023/7/31,14.86,15.05,15.2,14.78,58.01K,-0.84%
2023/8/1,15.07,14.88,15.45,14.8,64.88K,1.41%
2023/8/2,16.7,15.5,17.2,15.35,164.18K,10.81%
2023/8/3,16.75,16.85,17.75,16.35,125.89K,0.28%
2023/8/4,17.51,16.75,17.6,15.65,128.23K,4.53%
2023/8/7,16.29,17.35,17.45,16.2,94.65K,-6.93%
2023/8/8,16.5,16.25,18.55,16.2,163.44K,1.23%
2023/8/9,16.35,16.5,17.2,15.85,133.42K,-0.90%
2023/8/10,16.01,16.3,16.95,15.1,174.27K,-2.08%
2023/8/11,15.35,16.05,16.68,15.25,96.10K,-4.08%
2023/8/14,14.85,15.35,15.9,14.8,78.95K,-3.31%
2023/8/15,16.17,14.9,16.55,14.6,100.05K,8.94%
2023/8/16,16.28,16.25,16.6,15.95,1.68K,0.66%
2023/8/17,18.85,18,18.95,17.6,110.44K,15.82%
2023/8/18,18.45,18.85,19.55,18.2,123.68K,-2.15%
2023/8/21,17.85,18.44,18.55,17.75,75.86K,-3.25%
2023/8/22,17.9,17.96,18.26,17.37,66.20K,0.29%
2023/8/23,17.29,17.9,17.92,16.9,64.27K,-3.39%
2023/8/24,18.01,16.9,18.15,16.8,82.39K,4.15%
2023/8/25,17.18,18.1,18.3,16.95,91.36K,-4.62%
2023/8/28,16.43,17.15,17.22,16.4,71.14K,-4.34%
2023/8/29,15.9,16.42,16.6,15.76,82.18K,-3.22%
2023/8/30,15.3,15.9,16.05,15.25,65.88K,-3.77%
2023/8/31,15.04,15.28,15.41,14.93,66.55K,-1.69%
2023/9/1,14.8,15.02,15.05,14.6,62.88K,-1.64%
2023/9/4,14.83,14.78,14.88,14.63,,0.22%
2023/9/5,14.99,14.8,15.25,14.6,64.45K,1.10%
2023/9/6,15.35,15.15,15.8,15,83.01K,2.36%
2023/9/7,15.3,15.3,16.21,15.2,79.49K,-0.29%
2023/9/8,14.94,15.25,15.7,14.65,82.26K,-2.36%
2023/9/11,14.58,14.85,14.9,14.4,82.80K,-2.38%
2023/9/12,14.64,14.62,14.85,14.25,74.98K,0.37%
2023/9/13,14,14.6,14.95,13.9,91.26K,-4.37%
2023/9/14,13.37,13.95,13.96,13.3,73.19K,-4.50%
2023/9/15,14.25,13.35,14.4,13.25,81.57K,6.61%
2023/9/18,14.1,14.15,14.63,13.85,61.30K,-1.09%
2023/9/19,14.05,13.99,14.75,13.8,66.88K,-0.32%
2023/9/20,13.96,14.16,14.25,13.8,2.29K,-0.65%
2023/9/21,17.49,16.25,17.65,16.15,144.84K,25.26%
2023/9/22,17.49,17.55,17.7,16.8,107.59K,0.03%
2023/9/25,17.5,17.5,18.21,17.15,100.47K,0.03%
2023/9/26,19.17,17.3,19.3,17.25,138.06K,9.58%
2023/9/27,18.3,18.95,19.5,18.2,134.87K,-4.55%
2023/9/28,17.35,18.25,18.55,17.2,126.85K,-5.19%
2023/9/29,17.77,17.25,17.85,16.5,125.25K,2.42%
2023/10/2,17.85,17.1,18.3,17,103.75K,0.45%
2023/10/3,19.66,17.85,20.05,17.55,149.16K,10.12%
2023/10/4,18.52,19.75,20.35,18.4,137.67K,-5.79%
2023/10/5,18.2,18.75,19.5,18.15,101.14K,-1.72%
2023/10/6,18.03,18.4,19.6,17.51,135.50K,-0.91%
2023/10/9,17.65,18.65,19.6,17.6,100.82K,-2.15%
2023/10/10,16.99,17.7,17.75,16.6,94.20K,-3.73%
2023/10/11,16.5,17.06,17.75,16.35,102.90K,-2.86%
2023/10/12,16.95,16.35,17.85,15.8,132.61K,2.70%
2023/10/13,19.26,16.97,20.2,16.63,175.56K,13.62%
2023/10/16,17.16,19.15,19.36,17.04,106.03K,-10.89%
2023/10/17,17.85,17.25,18.45,16.8,115.71K,4.01%
2023/10/18,18.37,18.1,18.5,17.8,2.51K,2.92%
2023/10/19,20.55,19.35,20.82,19,148.16K,11.89%
2023/10/20,20.73,20.65,21.15,20.1,130.20K,0.83%
2023/10/23,20,20.75,21.9,19.25,131.05K,-3.50%
2023/10/24,19.09,19.75,20.05,18.91,95.14K,-4.56%
2023/10/25,20.3,19.12,20.85,18.9,124.79K,6.36%
2023/10/26,20.54,20.3,21.17,20,120.60K,1.17%
2023/10/27,21.19,20.35,21.4,19.79,116.90K,3.16%
2023/10/30,19.59,20.9,21.23,19.45,96.22K,-7.53%
2023/10/31,18.13,19.7,19.85,18.05,111.13K,-7.47%
2023/11/1,17.3,18.25,18.4,17.15,111.88K,-4.56%
2023/11/2,16.56,17.35,17.38,16.55,87.60K,-4.30%
2023/11/3,16.15,16.65,16.8,15.98,79.85K,-2.44%
2023/11/6,15.65,16.1,16.18,15.59,80.19K,-3.13%
2023/11/7,15.5,15.7,15.97,15.4,60.43K,-0.92%
2023/11/8,15.11,15.5,15.7,15.05,67.70K,-2.53%
2023/11/9,15.89,15.23,16.06,14.86,82.99K,5.15%
2023/11/10,14.9,15.84,15.91,14.85,75.62K,-6.22%
2023/11/13,14.8,15.2,15.4,14.6,60.44K,-0.64%
2023/11/14,14.27,14.85,15.05,14.05,83.44K,-3.60%
2023/11/15,14.22,14.19,14.35,14.05,1.96K,-0.35%
2023/11/16,15.15,15.35,15.5,15.1,73.37K,6.51%
2023/11/17,14.9,15.16,15.25,14.85,51.36K,-1.60%
2023/11/20,14.78,14.9,15,14.6,48.49K,-0.86%
2023/11/21,14.45,14.75,14.95,14.4,63.62K,-2.19%
2023/11/22,14.56,14.45,14.75,14.25,58.07K,0.76%
2023/11/23,14.43,14.58,14.63,14.43,,-0.91%
2023/11/24,13.85,14.6,14.65,13.8,47.37K,-4.02%
2023/11/27,13.95,13.9,14.2,13.85,46.29K,0.75%
2023/11/28,13.78,13.9,14.1,13.65,65.31K,-1.21%
2023/11/29,14,13.85,14.1,13.65,67.46K,1.56%
2023/11/30,13.76,14,14.15,13.7,61.99K,-1.73%
2023/12/1,13.7,13.8,13.85,13.5,58.36K,-0.43%
2023/12/4,13.8,13.6,14.3,13.6,81.38K,0.75%
2023/12/5,13.66,13.9,14.05,13.65,63.42K,-1.00%
2023/12/6,13.74,13.65,13.85,13.4,65.44K,0.54%
2023/12/7,13.75,13.8,13.9,13.58,49.40K,0.08%
2023/12/8,13.34,13.85,13.87,13.3,68.22K,-2.96%
2023/12/11,12.95,13.33,13.35,12.9,64.65K,-2.96%
2023/12/12,12.4,12.9,13,12.25,75.43K,-4.20%
2023/12/13,12.18,12.36,12.55,12.1,80.27K,-1.77%
2023/12/14,12.3,12.2,12.65,11.96,83.38K,0.99%
2023/12/15,12.46,12.34,12.8,12.2,83.18K,1.30%
2023/12/18,12.42,12.55,12.6,12.3,51.95K,-0.38%
2023/12/19,12.41,12.5,12.65,12.25,59.04K,-0.07%
2023/12/20,12.31,12.55,12.6,12.38,1.84K,-0.80%
2023/12/21,15.44,15.75,15.95,15.3,106.59K,25.44%
2023/12/22,15.04,15.45,15.75,15,72.14K,-2.62%
2023/12/25,15.13,15.08,15.13,15.08,,0.62%
2023/12/26,14.61,15.05,15.15,14.55,42.73K,-3.46%
2023/12/27,13.99,14.6,14.65,13.95,62.38K,-4.20%
2023/12/28,13.98,13.95,14.2,13.9,42.20K,-0.07%
2023/12/29,14.05,14,14.45,13.85,63.21K,0.48%
2024/1/1,13.98,14.03,14.03,13.98,,-0.51%
2024/1/2,14.1,14.25,14.8,13.9,105.59K,0.87%
2024/1/3,14.7,14.13,14.95,14.1,112.10K,4.24%
2024/1/4,14.66,14.7,14.8,14.35,77.22K,-0.26%
2024/1/5,14.2,14.65,15.05,13.95,104.20K,-3.13%
2024/1/8,13.8,14.15,14.5,13.6,87.25K,-2.86%
2024/1/9,13.4,13.88,14.05,13.35,70.33K,-2.85%
2024/1/10,13.35,13.45,13.51,13.2,76.12K,-0.44%
2024/1/11,13.05,13.25,13.75,12.95,109.26K,-2.20%
2024/1/12,13.18,13.01,13.45,12.95,70.15K,1.00%
2024/1/14,14.63,14.53,14.63,14.53,,10.99%
2024/1/15,14.68,14.58,14.68,14.48,,0.34%
2024/1/16,13.95,13.3,14.35,13.15,108.26K,-4.94%
2024/1/17,15.13,13.85,14.75,13.7,1.87K,8.42%
2024/1/18,15,15.45,15.5,14.9,78.72K,-0.83%
2024/1/19,14.61,15,15,14.48,90.93K,-2.66%
2024/1/22,14.08,14.5,14.52,14,70.11K,-3.59%
2024/1/23,13.7,14.08,14.08,13.65,70.54K,-2.70%
2024/1/24,14.04,13.73,14.15,13.49,69.92K,2.47%
2024/1/25,14.23,14.05,14.3,13.9,63.33K,1.34%
2024/1/26,14.12,14.25,14.45,13.9,57.20K,-0.76%
2024/1/29,14.25,14.15,14.45,14.09,60.77K,0.95%
2024/1/30,13.99,14.2,14.3,13.95,56.48K,-1.81%
2024/1/31,14.87,14.1,15,13.84,144.44K,6.29%
2024/2/1,14.7,14.85,15.01,14.35,96.72K,-1.18%
2024/2/2,14.55,14.4,14.75,14.24,78.11K,-1.02%
2024/2/5,13.96,14.65,14.85,13.85,91.67K,-4.07%
2024/2/6,13.55,13.95,14.05,13.5,72.99K,-2.89%
2024/2/7,13.38,13.58,13.65,13.25,66.52K,-1.24%
2024/2/8,13.35,13.4,13.65,13.3,53.01K,-0.30%
2024/2/9,13.37,13.35,13.4,13.13,45.69K,0.19%
2024/2/12,13.8,13.4,13.9,13.2,58.88K,3.24%
2024/2/13,15.75,13.85,17.85,13.61,141.52K,14.12%
2024/2/14,14.32,15.75,15.75,14.65,2.36K,-9.09%
2024/2/15,15.02,15.05,15.35,14.84,69.59K,4.88%
2024/2/16,14.95,15,15.25,14.7,91.01K,-0.45%
2024/2/18,15.08,15.03,15.08,14.98,,0.86%
2024/2/19,15.13,15.08,15.13,14.93,,0.33%
2024/2/20,15.53,15.05,15.9,14.9,124.43K,2.63%
2024/2/21,15.35,15.55,15.75,15,89.46K,-1.15%
2024/2/22,15.03,15.05,15.1,14.5,91.40K,-2.05%
2024/2/23,14.43,14.9,15.01,14.4,67.12K,-4.02%
2024/2/26,14.25,14.5,14.6,14.2,59.53K,-1.23%
2024/2/27,14,14.3,14.35,13.95,47.46K,-1.78%
2024/2/28,14.22,13.98,14.4,13.97,51.90K,1.61%
2024/2/29,14.01,14.3,14.45,13.95,62.29K,-1.51%
2024/3/1,14.05,14.05,14.25,13.75,70.36K,0.28%
2024/3/4,14.03,14,14.15,13.9,46.45K,-0.13%
2024/3/5,14.7,14.1,15.25,14,131.04K,4.80%
2024/3/6,14.79,14.7,14.95,14.25,80.91K,0.59%
2024/3/7,14.62,14.8,15.1,14.35,63.98K,-1.16%
2024/3/8,15.08,14.65,15.75,14.2,128.01K,3.15%
2024/3/11,14.9,15,15.65,14.75,111.07K,-1.21%
2024/3/12,13.96,14.85,15.21,13.9,114.94K,-6.28%
2024/3/13,13.8,13.95,14.05,13.7,66.03K,-1.17%
2024/3/14,14.34,13.8,15.05,13.58,117.66K,3.95%
2024/3/15,14.6,14.3,15.55,14.15,116.09K,1.79%
2024/3/18,14.36,14.6,14.65,14.05,65.27K,-1.65%
2024/3/19,13.94,14.34,14.91,13.8,72.64K,-2.88%
2024/3/20,14.17,13.9,14.15,13.8,2.78K,1.61%
2024/3/21,14.46,14.5,14.65,14.3,79.78K,2.02%
2024/3/22,14.48,14.45,14.65,14.25,58.27K,0.17%
2024/3/25,14.4,14.5,14.75,14.25,58.08K,-0.56%
2024/3/26,14.35,14.4,14.4,14.1,51.35K,-0.38%
2024/3/27,14.07,14.35,14.45,14.04,58.79K,-1.95%
2024/3/28,14.37,14.05,14.4,14.05,67.83K,2.15%
2024/4/1,14.5,14.35,14.8,14.15,65.36K,0.93%
2024/4/2,15,14.65,15.65,14.45,129.00K,3.43%
2024/4/3,14.94,15,15.4,14.7,92.57K,-0.37%
2024/4/4,15.83,14.9,16.35,14.45,164.60K,5.93%
2024/4/5,16.08,15.96,16.35,15.43,141.00K,1.56%
2024/4/8,15.35,16,16.02,15.15,110.61K,-4.54%
2024/4/9,15.08,15.3,16,14.95,126.61K,-1.77%
2024/4/10,15.32,15,16.2,14.75,153.09K,1.60%
2024/4/11,15.02,15.5,16.3,14.95,116.86K,-1.91%
2024/4/12,17.09,15,18.1,15,200.30K,13.74%
2024/4/15,18.41,17.05,18.7,15.95,150.98K,7.72%
2024/4/16,18.25,18.5,19.7,17.5,104.27K,-0.87%
2024/4/17,18.03,18,18.65,17.8,1.15K,-1.19%
2024/4/18,17.38,17.2,17.65,16.75,99.12K,-3.59%
2024/4/19,17.84,17.35,19.7,17.1,152.82K,2.60%
2024/4/22,16.47,17.7,17.7,16.2,123.95K,-7.66%
2024/4/23,15.79,16.3,16.45,15.65,81.23K,-4.10%
2024/4/24,15.63,15.75,16.1,15.55,98.76K,-1.07%
2024/4/25,16,16,16.85,15.6,113.55K,2.41%
2024/4/26,15.4,15.6,15.71,15.3,88.31K,-3.78%
2024/4/29,15.17,15.45,15.5,15,67.34K,-1.48%
2024/4/30,15.66,15.2,15.85,15,99.98K,3.27%
2024/5/1,15.71,15.85,16.15,14.99,117.32K,0.29%
2024/5/2,15.16,15.75,15.86,14.95,86.83K,-3.47%
2024/5/3,14.59,15.05,15.07,14.45,98.14K,-3.77%
2024/5/6,14.2,14.55,14.6,14.15,49.72K,-2.69%
2024/5/7,14.1,14.2,14.35,14.05,73.14K,-0.71%
2024/5/8,13.91,14.1,14.25,13.85,59.75K,-1.32%
2024/5/9,13.81,14,14.06,13.78,52.30K,-0.72%
2024/5/10,13.55,13.8,13.87,13.52,61.76K,-1.88%
2024/5/13,13.82,13.55,13.9,13.4,72.21K,1.98%
2024/5/14,13.52,13.8,13.95,13.45,51.43K,-2.19%
2024/5/15,12.88,13.6,13.66,12.85,69.37K,-4.71%
2024/5/16,12.83,12.9,13.1,12.75,63.54K,-0.34%
2024/5/17,12.65,12.91,13,12.6,72.51K,-1.44%
2024/5/20,12.57,12.65,12.8,12.4,53.51K,-0.62%
2024/5/21,12.2,12.59,13,12.05,79.51K,-2.98%
2024/5/22,12,12.3,12.47,12,6.20K,-1.62%
2024/5/23,13.86,13.55,14.05,13.25,111.84K,15.47%
2024/5/24,13.43,13.85,13.95,13.35,64.37K,-3.10%
2024/5/26,13.43,13.38,13.43,13.38,,0.00%
2024/5/27,13.35,13.38,13.43,13.28,,-0.60%
2024/5/28,13.73,13.45,14,13.2,89.09K,2.81%
2024/5/29,14.34,13.71,14.5,13.7,98.72K,4.47%
2024/5/30,14.29,14.45,14.7,13.95,100.13K,-0.32%
2024/5/31,13.79,14.4,14.7,13.65,121.16K,-3.52%
2024/6/3,13.65,13.75,14.25,13.5,115.52K,-0.99%
2024/6/4,13.72,13.7,14.25,13.64,85.93K,0.46%
2024/6/5,13.35,13.67,13.9,13.3,75.33K,-2.65%
2024/6/6,13.26,13.4,13.45,13.2,94.06K,-0.72%
2024/6/7,13.01,13.27,13.6,12.9,102.17K,-1.86%
2024/6/10,13.03,13,13.6,12.95,74.13K,0.15%
2024/6/11,12.97,13,13.5,12.9,86.07K,-0.46%
2024/6/12,12.56,13.05,13.1,12.45,95.22K,-3.19%
2024/6/13,12.41,12.55,13.05,12.35,100.26K,-1.16%
2024/6/14,12.95,12.44,13.6,12.4,109.52K,4.39%
2024/6/17,12.8,13.02,13.25,12.55,97.61K,-1.18%
2024/6/18,12.39,12.8,12.9,12.5,2.66K,-3.21%
2024/6/19,14.33,14.35,14.38,14.28,,15.66%
2024/6/20,14.77,14.3,14.9,14.15,124.52K,3.06%
2024/6/21,14.45,14.78,15.07,14.35,112.36K,-2.18%
2024/6/24,14.4,14.5,14.85,14.2,80.93K,-0.34%
2024/6/25,14.08,14.43,14.5,14,51.92K,-2.22%
2024/6/26,13.91,14.1,14.21,13.9,72.97K,-1.20%
2024/6/27,13.76,13.95,14.05,13.73,78.20K,-1.08%
2024/6/28,14.02,13.8,14.1,13.7,85.24K,1.92%
2024/7/1,13.42,14,14.01,13.35,91.15K,-4.32%
2024/7/2,13.21,13.4,13.63,13.2,76.73K,-1.58%
2024/7/3,13.27,13.25,13.3,13.1,46.75K,0.48%
2024/7/4,13.28,13.2,13.33,13.18,,0.08%
2024/7/5,13.3,13.2,13.45,13.12,75.28K,0.18%
2024/7/8,13.08,13.35,13.35,12.95,71.17K,-1.66%
2024/7/9,13,13.1,13.15,12.95,68.70K,-0.66%
2024/7/10,12.93,13,13.05,12.79,62.25K,-0.48%
2024/7/11,13.12,13,13.4,12.7,129.63K,1.43%
2024/7/12,12.83,13.1,13.15,12.6,98.11K,-2.19%
2024/7/15,13.14,12.85,13.2,12.7,92.13K,2.38%
2024/7/16,13.16,13.13,13.45,12.95,68.53K,0.17%
2024/7/17,13.89,13.05,13.9,13,5.06K,5.55%
2024/7/18,15.29,14.75,15.5,14.4,150.37K,10.10%
2024/7/19,15.92,15.25,16.15,15.23,165.88K,4.08%
2024/7/22,15.04,15.9,16.2,14.95,119.32K,-5.48%
2024/7/23,14.93,15.1,15.4,14.69,105.77K,-0.74%
2024/7/24,17.07,14.85,17.25,14.84,213.51K,14.33%
2024/7/25,17.14,17.05,17.95,16.09,207.77K,0.42%
2024/7/26,16.18,17.15,17.15,16.05,105.74K,-5.64%
2024/7/29,15.97,16.1,16.36,15.7,88.61K,-1.27%
2024/7/30,16.49,15.95,17.1,15.73,105.90K,3.21%
2024/7/31,16,16.65,16.65,15.35,123.45K,-2.95%
2024/8/1,17.47,15.85,18.2,15.65,189.68K,9.17%
2024/8/2,21.85,17.65,23,17.65,340.11K,25.11%
2024/8/5,32.1,23,37.1,22.65,302.25K,46.89%
2024/8/6,25.77,30.65,30.72,21.85,207.17K,-19.72%
2024/8/7,25.08,24.5,25.95,21.3,148.50K,-2.69%
2024/8/8,22.69,25.85,26.07,22.25,95.71K,-9.52%
2024/8/9,19.5,22.3,23,19.39,101.79K,-14.07%
2024/8/12,19.46,19.45,19.85,17.85,111.60K,-0.17%
2024/8/13,17.55,19.5,19.74,17.48,79.28K,-9.86%
2024/8/14,16.25,17.65,17.9,16.2,76.84K,-7.41%
2024/8/15,15.35,16.3,16.5,15,96.00K,-5.52%
2024/8/16,15.28,15.35,15.8,15.07,47.66K,-0.45%
2024/8/19,14.78,15.26,15.9,14.65,56.11K,-3.24%
2024/8/20,15.88,14.85,16,14.75,74.46K,7.41%
2024/8/21,16.11,15.96,16.2,15.75,1.42K,1.45%
2024/8/22,17.01,16.2,17.1,16,85.53K,5.58%
2024/8/23,15.93,16.9,16.95,15.8,96.39K,-6.35%
2024/8/26,15.95,15.8,16.3,15.65,60.55K,0.12%
2024/8/27,15.58,16.05,16.3,15.5,52.95K,-2.31%
2024/8/28,16.57,15.55,16.85,15.4,91.00K,6.36%
2024/8/29,15.94,16.55,17.05,15.6,83.26K,-3.83%
2024/8/30,15.41,15.8,16,15.3,75.07K,-3.29%
2024/9/1,15.43,15.35,15.43,15.35,,0.12%
2024/9/2,15.7,15.48,15.75,15.43,5.36K,1.75%
2024/9/3,19.12,15.45,19.8,15.3,180.82K,21.79%
2024/9/4,19.54,19.05,20.35,18.15,156.82K,2.22%
2024/9/5,18.75,19.6,19.75,18.25,116.30K,-4.05%
2024/9/6,20.46,18.85,21.55,18.05,184.32K,9.13%
2024/9/9,18.73,21.05,21.05,18.4,105.14K,-8.50%
2024/9/10,18.29,18.6,19.8,18.2,102.64K,-2.34%
2024/9/11,17.23,18.35,20.35,17.2,148.10K,-5.76%
2024/9/12,16.95,17.45,18.1,16.85,92.50K,-1.65%
2024/9/13,16.7,17.05,17.15,16.35,66.74K,-1.45%
2024/9/16,17.09,16.8,17.5,16.8,58.92K,2.32%
2024/9/17,17.83,17.15,17.95,16.73,79.05K,4.35%
2024/9/18,18.69,17.75,17.9,17.55,1.31K,4.81%
2024/9/19,18.02,18.85,18.9,17.85,93.66K,-3.57%
2024/9/20,17.95,18.05,18.25,17.7,70.43K,-0.38%
2024/9/23,18.01,18,18.21,17.6,45.92K,0.29%
2024/9/24,18.05,18.1,18.7,17.75,62.95K,0.26%
2024/9/25,18.31,18.05,18.4,17.9,45.27K,1.45%
2024/9/26,18.3,18.25,18.55,17.84,51.92K,-0.09%
2024/9/27,19.26,18.3,19.4,18.15,68.90K,5.23%
2024/9/30,18.84,19.35,19.95,18.75,102.60K,-2.14%
2024/10/1,20.47,18.85,20.7,18.65,151.17K,8.62%
2024/10/2,20.1,20.45,21.15,19.9,76.43K,-1.78%
2024/10/3,21.07,20.05,21.3,20,92.73K,4.83%
2024/10/4,20.2,21.2,21.25,20.15,75.54K,-4.13%
2024/10/7,22.57,20.35,22.75,20.2,107.26K,11.69%
2024/10/8,21.46,22.35,22.81,21.15,72.88K,-4.92%
2024/10/9,20.9,21.45,21.6,20.7,60.74K,-2.60%
2024/10/10,21.39,21,21.65,20.72,68.38K,2.37%
2024/10/11,21.13,21.4,21.72,20.85,54.47K,-1.25%
2024/10/14,20.2,21.15,21.25,19.95,47.99K,-4.39%
2024/10/15,20.97,20,21.25,19.65,94.02K,3.80%
2024/10/16,20.97,21.2,21.55,20.95,1.28K,0.00%
2024/10/17,18.76,19.1,19.3,18.7,45.79K,-10.52%
2024/10/18,18.3,18.75,18.85,18.25,51.56K,-2.47%
2024/10/21,18.36,18.3,18.85,18.15,48.50K,0.31%
2024/10/22,18.28,18.35,18.85,18.15,48.12K,-0.40%
2024/10/23,19.27,18.4,19.8,18.35,90.59K,5.42%
2024/10/24,18.9,19.14,19.85,18.75,69.87K,-1.93%
2024/10/25,19.9,18.92,19.95,18.45,86.71K,5.26%
2024/10/28,18.8,19.55,19.6,18.55,81.09K,-5.52%
2024/10/29,18.76,18.75,19.1,18.45,49.61K,-0.21%
2024/10/30,19.32,18.7,19.4,18.55,60.93K,2.99%
2024/10/31,20.96,19.3,21.05,19.3,134.46K,8.49%
2024/11/1,20.49,20.9,20.95,19.75,95.63K,-2.24%
2024/11/4,19.51,20.3,20.45,19.4,86.77K,-4.78%
2024/11/5,18.34,19.45,19.6,18.16,95.30K,-5.96%
2024/11/6,16.25,18.25,18.4,15.9,168.58K,-11.44%
2024/11/7,15.64,16.2,16.31,15.5,84.25K,-3.72%
2024/11/8,15.5,15.65,15.9,15.38,80.30K,-0.92%
2024/11/11,15.49,15.5,15.55,15.19,68.55K,-0.07%
2024/11/12,15.26,15.4,15.75,15.21,74.01K,-1.48%
2024/11/13,14.54,15.3,15.65,14.45,72.53K,-4.67%
2024/11/14,14.64,14.5,14.8,14.25,58.32K,0.66%
2024/11/15,16.39,14.65,17.6,14.65,137.90K,11.94%
2024/11/18,15.61,16.25,16.8,15.33,75.46K,-4.74%
2024/11/19,16.42,15.7,17.6,15.3,74.18K,5.17%
2024/11/20,16.65,16.75,16.95,16.15,1.09K,1.41%
2024/11/21,16.77,16.7,17.5,16.35,83.39K,0.73%
2024/11/22,16.07,16.85,17.16,16,63.73K,-4.21%
2024/11/25,15.45,15.9,16.3,15.35,73.32K,-3.84%
2024/11/26,15.25,15.4,15.85,15.1,66.23K,-1.26%
2024/11/27,15.17,15.25,15.75,15.12,61.09K,-0.56%
2024/11/29,14.85,15.19,15.2,14.8,41.05K,-2.09%
2024/12/2,14.71,14.85,14.95,14.65,52.54K,-0.94%
2024/12/3,14.53,14.71,15.05,14.45,59.37K,-1.24%
2024/12/4,14.66,14.55,14.7,14.2,47.12K,0.87%
2024/12/5,14.6,14.7,14.85,14.5,58.23K,-0.37%
2024/12/6,14.29,14.58,14.75,14.2,69.76K,-2.18%
2024/12/9,14.74,14.2,14.9,14.2,72.92K,3.15%
2024/12/10,14.65,14.75,14.8,14.4,58.12K,-0.56%
2024/12/11,14.28,14.55,14.75,14.15,43.80K,-2.51%
2024/12/12,14.41,14.34,14.65,14.1,67.31K,0.85%
2024/12/13,14.52,14.55,14.8,14.1,61.47K,0.78%
2024/12/16,14.7,14.63,14.75,14.39,52.56K,1.24%
2024/12/17,15.75,14.75,15.95,14.61,83.00K,7.13%
2024/12/18,15.66,15.7,15.8,15.2,1.72K,-0.56%
2024/12/19,21.71,19.95,21.8,18.55,261.52K,38.64%
2024/12/20,18.26,21.4,22.8,18.05,191.64K,-15.89%
2024/12/23,17.03,18.2,18.61,16.9,108.12K,-6.76%
2024/12/24,15.99,17,17.05,15.9,60.12K,-6.10%
2024/12/26,16.03,16.05,16.75,15.95,62.51K,0.28%
2024/12/27,16.94,16.1,17.9,16.05,125.70K,5.67%
2024/12/30,17.39,16.84,18.6,16.75,95.89K,2.63%
2024/12/31,17.52,17.4,17.7,16.9,61.87K,0.75%
